ID;Block;BlockDuration;MasksN;Target;Event;Time
s01;1;120;1;0;0;6152
s01;1;120;1;0;1;8087
s01;1;120;1;0;0;11956
s01;1;120;1;0;1;15109
s01;1;120;1;0;0;19478
s01;1;120;1;0;1;22130
s01;1;120;1;0;0;22714
s01;1;120;1;0;1;26567
s01;1;120;1;0;0;30420
s01;1;120;1;0;1;36090
s01;1;120;1;0;0;39176
s01;1;120;1;0;1;43880
s01;1;120;1;0;0;46432
s01;1;120;1;0;1;49100
s01;1;120;1;0;0;54787
s01;1;120;1;0;1;55138
s01;1;120;1;0;0;57739
s01;1;120;1;0;1;59190
s01;1;120;1;0;0;62894
s01;1;120;1;0;1;63911
s01;1;120;1;0;0;71650
s01;1;120;1;0;1;72367
s01;1;120;1;0;0;74402
s01;1;120;1;0;1;81107
s01;1;120;1;0;0;83192
s01;1;120;1;2;0;84993
s01;1;120;1;0;1;85010
s01;1;120;1;2;1;85460
s01;1;120;1;0;0;89429
s01;1;120;1;0;1;93849
s01;1;120;1;2;0;93882
s01;1;120;1;0;0;94701
s01;1;120;1;2;1;94767
s01;1;120;1;0;1;95018
s01;1;120;1;2;0;98470
s01;1;120;1;2;1;98987
s01;1;120;1;0;0;102089
s01;1;120;1;0;1;109561
s01;1;120;1;2;0;109577
s01;1;120;1;0;0;110611
s01;1;120;1;2;1;110645
s01;1;120;1;0;1;113448
s01;1;120;1;0;0;114765
s01;1;120;1;0;1;117734
s01;1;120;1;2;0;117751
s01;1;120;1;2;1;118084
s01;1;120;1;0;0;118184
s01;1;120;1;0;1;120000
s01;2;120;3;0;0;2329
s01;2;120;3;0;1;8683
s01;2;120;3;0;0;9034
s01;2;120;3;0;1;11335
s01;2;120;3;0;0;11685
s01;2;120;3;0;1;14304
s01;2;120;3;0;0;16455
s01;2;120;3;0;1;18640
s01;2;120;3;0;0;19675
s01;2;120;3;0;1;22744
s01;2;120;3;0;0;24011
s01;2;120;3;0;1;27047
s01;2;120;3;0;0;28314
s01;2;120;3;0;1;31767
s01;2;120;3;0;0;32550
s01;2;120;3;0;1;38639
s01;2;120;3;0;0;39006
s01;2;120;3;0;1;42875
s01;2;120;3;0;0;44143
s01;2;120;3;0;1;52565
s01;2;120;3;0;0;54166
s01;2;120;3;0;1;58303
s01;2;120;3;0;0;62489
s01;2;120;3;0;1;66042
s01;2;120;3;0;0;69978
s01;2;120;3;0;1;79268
s01;2;120;3;0;0;79969
s01;2;120;3;0;1;81270
s01;2;120;3;0;0;82204
s01;2;120;3;0;1;84739
s01;2;120;3;0;0;85639
s01;2;120;3;0;1;86390
s01;2;120;3;0;0;87691
s01;2;120;3;0;1;90994
s01;2;120;3;0;0;95464
s01;2;120;3;0;1;96081
s01;2;120;3;0;0;98566
s01;2;120;3;0;1;100684
s01;2;120;3;0;0;101084
s01;2;120;3;0;1;105320
s01;2;120;3;0;0;106154
s01;2;120;3;0;1;111992
s01;2;120;3;0;0;116862
s01;2;120;3;0;1;119314
s01;3;120;1;0;0;984
s01;3;120;1;0;1;17813
s01;3;120;1;0;0;24718
s01;3;120;1;0;1;27003
s01;3;120;1;0;0;33591
s01;3;120;1;0;1;34625
s01;3;120;1;0;0;40396
s01;3;120;1;0;1;45966
s01;3;120;1;0;0;47334
s01;3;120;1;0;1;52322
s01;3;120;1;0;0;53089
s01;3;120;1;0;1;57625
s01;3;120;1;2;0;60944
s01;3;120;1;2;1;61728
s01;3;120;1;2;0;61778
s01;3;120;1;2;1;62128
s01;3;120;1;0;0;66082
s01;3;120;1;0;1;74204
s01;3;120;1;2;0;74254
s01;3;120;1;2;1;74705
s01;3;120;1;0;0;74721
s01;3;120;1;0;1;75889
s01;3;120;1;0;0;76522
s01;3;120;1;0;1;81342
s01;3;120;1;2;0;81359
s01;3;120;1;2;1;82026
s01;3;120;1;0;0;82043
s01;3;120;1;0;1;86780
s01;3;120;1;2;0;86797
s01;3;120;1;0;0;87114
s01;3;120;1;2;1;87131
s01;3;120;1;2;0;89449
s01;3;120;1;0;1;89465
s01;3;120;1;2;1;90166
s01;3;120;1;2;0;90333
s01;3;120;1;2;1;90483
s01;3;120;1;2;0;90766
s01;3;120;1;0;0;91400
s01;3;120;1;2;1;91417
s01;3;120;1;0;1;95453
s01;3;120;1;0;0;95803
s01;3;120;1;0;1;100607
s01;3;120;1;0;0;101391
s01;3;120;1;0;1;108179
s01;3;120;1;0;0;108513
s01;3;120;1;0;1;112382
s01;3;120;1;0;0;113049
s01;3;120;1;0;1;115067
s01;3;120;1;0;0;116651
s01;3;120;1;0;1;120000
s01;4;120;3;0;0;1014
s01;4;120;3;0;1;15475
s01;4;120;3;0;0;16025
s01;4;120;3;0;1;18910
s01;4;120;3;0;0;20429
s01;4;120;3;0;1;22180
s01;4;120;3;0;0;23098
s01;4;120;3;0;1;24248
s01;4;120;3;0;0;25616
s01;4;120;3;0;1;26400
s01;4;120;3;0;0;29252
s01;4;120;3;0;1;33454
s01;4;120;3;0;0;36123
s01;4;120;3;0;1;37075
s01;4;120;3;0;0;39810
s01;4;120;3;0;1;45880
s01;4;120;3;0;0;46481
s01;4;120;3;0;1;49583
s01;4;120;3;0;0;50334
s01;4;120;3;0;1;54154
s01;4;120;3;0;0;54871
s01;4;120;3;0;1;58924
s01;4;120;3;0;0;60908
s01;4;120;3;0;1;61959
s01;4;120;3;0;0;64277
s01;4;120;3;0;1;66929
s01;4;120;3;0;0;67279
s01;4;120;3;0;1;71950
s01;4;120;3;0;0;72350
s01;4;120;3;0;1;76603
s01;4;120;3;0;0;77070
s01;4;120;3;0;1;82774
s01;4;120;3;0;0;83158
s01;4;120;3;0;1;86794
s01;4;120;3;0;0;87094
s01;4;120;3;0;1;92448
s01;4;120;3;0;0;92899
s01;4;120;3;0;1;96201
s01;4;120;3;0;0;96468
s01;4;120;3;0;1;98202
s01;4;120;3;0;0;98886
s01;4;120;3;0;1;100871
s01;4;120;3;0;0;103422
s01;4;120;3;0;1;108310
s01;4;120;3;0;0;109527
s01;4;120;3;0;1;112613
s01;4;120;3;0;0;113347
s01;4;120;3;0;1;116666
s01;4;120;3;0;0;116999
s01;4;120;3;0;1;119884
s02;1;120;1;0;0;776
s02;1;120;1;0;1;89724
s02;1;120;1;2;0;89741
s02;1;120;1;2;1;94061
s02;1;120;1;0;0;94077
s02;1;120;1;0;1;109205
s02;1;120;1;2;0;109222
s02;1;120;1;2;1;117011
s02;1;120;1;0;0;118328
s02;1;120;1;0;1;120000
s02;2;120;3;0;0;1696
s02;2;120;3;0;1;19492
s02;2;120;3;2;0;19509
s02;2;120;3;2;1;20943
s02;2;120;3;0;0;21026
s02;2;120;3;2;0;30917
s02;2;120;3;0;1;30967
s02;2;120;3;0;0;32201
s02;2;120;3;2;1;32218
s02;2;120;3;0;1;42225
s02;2;120;3;0;0;42859
s02;2;120;3;2;0;47178
s02;2;120;3;0;1;47263
s02;2;120;3;2;1;48497
s02;2;120;3;0;0;48513
s02;2;120;3;0;1;79986
s02;2;120;3;2;0;80503
s02;2;120;3;2;1;81287
s02;2;120;3;0;0;81303
s02;2;120;3;0;1;120000
s02;3;120;1;0;0;999
s02;3;120;1;0;1;10772
s02;3;120;1;2;0;11206
s02;3;120;1;2;1;11773
s02;3;120;1;0;0;11806
s02;3;120;1;0;1;17378
s02;3;120;1;2;0;17495
s02;3;120;1;2;1;17528
s02;3;120;1;2;0;17811
s02;3;120;1;2;1;18646
s02;3;120;1;0;0;18662
s02;3;120;1;0;1;26384
s02;3;120;1;2;0;26434
s02;3;120;1;0;0;27551
s02;3;120;1;2;1;27585
s02;3;120;1;0;1;30537
s02;3;120;1;2;0;30620
s02;3;120;1;0;0;31637
s02;3;120;1;2;1;31671
s02;3;120;1;0;1;35024
s02;3;120;1;2;0;35041
s02;3;120;1;0;0;36809
s02;3;120;1;2;1;36825
s02;3;120;1;0;1;38910
s02;3;120;1;2;0;38927
s02;3;120;1;0;0;40461
s02;3;120;1;2;1;40478
s02;3;120;1;2;0;41578
s02;3;120;1;0;1;41612
s02;3;120;1;0;0;43930
s02;3;120;1;2;1;43963
s02;3;120;1;2;0;46031
s02;3;120;1;0;1;46065
s02;3;120;1;0;0;47349
s02;3;120;1;2;1;47382
s02;3;120;1;2;0;51720
s02;3;120;1;0;1;51753
s02;3;120;1;0;0;52487
s02;3;120;1;2;1;52520
s02;3;120;1;2;0;56673
s02;3;120;1;0;1;56690
s02;3;120;1;0;0;57407
s02;3;120;1;2;1;57440
s02;3;120;1;0;1;68197
s02;3;120;1;2;0;68214
s02;3;120;1;0;0;69048
s02;3;120;1;2;1;69081
s02;3;120;1;0;1;100388
s02;3;120;1;2;0;100404
s02;3;120;1;0;0;101388
s02;3;120;1;2;1;101422
s02;3;120;1;0;1;112264
s02;3;120;1;2;0;112280
s02;3;120;1;0;0;112947
s02;3;120;1;2;1;112964
s02;3;120;1;0;1;120000
s02;4;120;3;0;0;870
s02;4;120;3;0;1;84165
s02;4;120;3;2;0;84215
s02;4;120;3;0;0;84815
s02;4;120;3;2;1;84832
s02;4;120;3;0;1;110751
s02;4;120;3;2;0;110768
s02;4;120;3;0;0;111502
s02;4;120;3;2;1;111535
s02;4;120;3;0;1;120000
s03;2;120;3;0;0;5320
s03;2;120;3;0;1;37076
s03;2;120;3;0;0;37393
s03;2;120;3;2;0;118803
s03;2;120;3;2;1;118987
s03;2;120;3;0;1;120000
s03;3;120;1;2;0;8524
s03;3;120;1;2;1;8924
s03;3;120;1;2;0;10275
s03;3;120;1;2;1;10408
s03;3;120;1;2;0;11292
s03;3;120;1;2;1;11476
s03;3;120;1;2;0;14578
s03;3;120;1;2;1;14761
s03;3;120;1;2;0;16514
s03;3;120;1;2;1;18131
s03;3;120;1;2;0;20166
s03;3;120;1;2;1;21017
s03;3;120;1;2;0;26470
s03;3;120;1;2;1;26787
s03;3;120;1;2;0;26937
s03;3;120;1;2;1;27037
s03;3;120;1;2;0;29155
s03;3;120;1;2;1;29723
s03;3;120;1;2;0;30673
s03;3;120;1;2;1;31123
s03;3;120;1;2;0;33376
s03;3;120;1;2;1;34076
s03;3;120;1;2;0;35177
s03;3;120;1;2;1;35711
s03;3;120;1;2;0;37846
s03;3;120;1;2;1;38146
s03;3;120;1;2;0;50037
s03;3;120;1;2;1;50389
s03;3;120;1;2;0;53441
s03;3;120;1;2;1;54174
s03;3;120;1;2;0;56693
s03;3;120;1;2;1;57226
s03;3;120;1;2;0;61796
s03;3;120;1;2;1;62397
s03;3;120;1;2;0;64631
s03;3;120;1;2;1;65415
s03;3;120;1;2;0;66733
s03;3;120;1;2;1;66966
s03;3;120;1;2;0;68151
s03;3;120;1;2;1;68618
s03;3;120;1;2;0;69619
s03;3;120;1;2;1;70069
s03;3;120;1;2;0;71120
s03;3;120;1;2;1;71620
s03;3;120;1;2;0;76073
s03;3;120;1;2;1;76240
s03;3;120;1;2;0;82144
s03;3;120;1;2;1;82411
s03;3;120;1;2;0;83428
s03;3;120;1;2;1;83662
s03;3;120;1;2;0;89534
s03;3;120;1;2;1;89734
s03;3;120;1;2;0;94604
s03;3;120;1;2;1;94804
s03;3;120;1;2;0;97072
s03;3;120;1;2;1;97239
s03;3;120;1;2;0;99607
s03;3;120;1;2;1;99807
s03;3;120;1;2;0;115335
s03;3;120;1;2;1;115502
s03;3;120;1;2;0;117704
s03;3;120;1;2;1;117937
s03;4;120;3;0;0;1659
s03;4;120;3;0;1;13502
s03;4;120;3;2;0;13585
s03;4;120;3;2;1;13702
s03;4;120;3;0;0;14136
s03;4;120;3;2;0;28997
s03;4;120;3;2;1;29180
s03;4;120;3;2;0;33933
s03;4;120;3;2;1;34133
s03;4;120;3;2;0;44157
s03;4;120;3;2;1;44340
s03;4;120;3;0;1;49295
s03;4;120;3;2;0;49511
s03;4;120;3;2;1;49778
s03;4;120;3;0;0;50195
s03;4;120;3;0;1;51546
s03;4;120;3;2;0;51630
s03;4;120;3;2;1;52213
s03;4;120;3;0;0;52413
s03;4;120;3;0;1;55482
s03;4;120;3;2;0;55666
s03;4;120;3;2;1;55999
s03;4;120;3;0;0;56299
s03;4;120;3;2;0;102033
s03;4;120;3;2;1;102233
s03;4;120;3;0;1;102617
s03;4;120;3;0;0;103034
s03;4;120;3;0;1;107070
s03;4;120;3;2;0;107237
s03;4;120;3;2;1;107620
s03;4;120;3;0;0;107970
s03;4;120;3;0;1;110172
s03;4;120;3;0;0;110656
s03;4;120;3;0;1;120000
s04;1;120;1;0;0;749
s04;1;120;1;0;1;120000
s04;2;120;3;0;0;1189
s04;2;120;3;2;0;71607
s04;2;120;3;2;1;71690
s04;2;120;3;0;1;98442
s04;2;120;3;0;0;99143
s04;2;120;3;0;1;102395
s04;2;120;3;0;0;103479
s04;2;120;3;0;1;110685
s04;2;120;3;0;0;111602
s04;2;120;3;0;1;120000
s04;3;120;1;0;0;1702
s04;3;120;1;2;0;26420
s04;3;120;1;0;1;26437
s04;3;120;1;2;1;27571
s04;3;120;1;0;0;27637
s04;3;120;1;0;1;31758
s04;3;120;1;2;0;32075
s04;3;120;1;2;1;32425
s04;3;120;1;0;0;32575
s04;3;120;1;2;0;34943
s04;3;120;1;0;1;35010
s04;3;120;1;2;1;35644
s04;3;120;1;0;0;35694
s04;3;120;1;0;1;40164
s04;3;120;1;2;0;40197
s04;3;120;1;2;1;40998
s04;3;120;1;0;0;41114
s04;3;120;1;2;0;49538
s04;3;120;1;2;1;49554
s04;3;120;1;2;0;49688
s04;3;120;1;0;1;49704
s04;3;120;1;2;1;49988
s04;3;120;1;2;0;50121
s04;3;120;1;2;1;50188
s04;3;120;1;0;0;50321
s04;3;120;1;0;1;51622
s04;3;120;1;2;0;51689
s04;3;120;1;2;1;52039
s04;3;120;1;0;0;52106
s04;3;120;1;2;0;56359
s04;3;120;1;0;1;56376
s04;3;120;1;2;1;56609
s04;3;120;1;0;0;56692
s04;3;120;1;2;0;61562
s04;3;120;1;0;1;61612
s04;3;120;1;2;1;61763
s04;3;120;1;0;0;61813
s04;3;120;1;2;0;62897
s04;3;120;1;0;1;62913
s04;3;120;1;2;1;63030
s04;3;120;1;0;0;63080
s04;3;120;1;2;0;69319
s04;3;120;1;0;1;69369
s04;3;120;1;2;1;69419
s04;3;120;1;0;0;69435
s04;3;120;1;0;1;69519
s04;3;120;1;0;0;69585
s04;3;120;1;2;0;74038
s04;3;120;1;0;1;74089
s04;3;120;1;2;1;74305
s04;3;120;1;0;0;74389
s04;3;120;1;0;1;76423
s04;3;120;1;2;0;76440
s04;3;120;1;2;1;76540
s04;3;120;1;0;0;76624
s04;3;120;1;2;0;79726
s04;3;120;1;0;1;79759
s04;3;120;1;2;1;79792
s04;3;120;1;0;0;79842
s04;3;120;1;2;0;79876
s04;3;120;1;0;1;79892
s04;3;120;1;2;1;79926
s04;3;120;1;0;0;80093
s04;3;120;1;0;1;85464
s04;3;120;1;2;0;85480
s04;3;120;1;0;0;85497
s04;3;120;1;0;1;85547
s04;3;120;1;2;1;85614
s04;3;120;1;0;0;85664
s04;3;120;1;0;1;87115
s04;3;120;1;2;0;87165
s04;3;120;1;2;1;87198
s04;3;120;1;0;0;87232
s04;3;120;1;0;1;90767
s04;3;120;1;2;0;90784
s04;3;120;1;2;1;90817
s04;3;120;1;0;0;90834
s04;3;120;1;0;1;90968
s04;3;120;1;2;0;90984
s04;3;120;1;2;1;91001
s04;3;120;1;0;0;91118
s04;3;120;1;2;0;95220
s04;3;120;1;0;1;95270
s04;3;120;1;2;1;95387
s04;3;120;1;0;0;95437
s04;3;120;1;0;1;99458
s04;3;120;1;2;0;99474
s04;3;120;1;2;1;99541
s04;3;120;1;0;0;99558
s04;3;120;1;0;1;99658
s04;3;120;1;0;0;99708
s04;3;120;1;2;0;102576
s04;3;120;1;0;1;102676
s04;3;120;1;2;1;102726
s04;3;120;1;0;0;102760
s04;3;120;1;0;1;104578
s04;3;120;1;2;0;104694
s04;3;120;1;2;1;104995
s04;3;120;1;0;0;105011
s04;3;120;1;0;1;105195
s04;3;120;1;0;0;105262
s04;3;120;1;2;0;108364
s04;3;120;1;0;1;108380
s04;3;120;1;0;0;108664
s04;3;120;1;2;1;108731
s04;3;120;1;0;1;116453
s04;3;120;1;2;0;116470
s04;3;120;1;2;1;116587
s04;3;120;1;0;0;116603
s04;3;120;1;2;0;117004
s04;3;120;1;0;1;117037
s04;3;120;1;2;1;117304
s04;3;120;1;0;0;117321
s04;3;120;1;0;1;120000
s04;4;120;3;0;0;1125
s04;4;120;3;2;0;7362
s04;4;120;3;0;1;7396
s04;4;120;3;2;1;7479
s04;4;120;3;0;0;7529
s04;4;120;3;0;1;7612
s04;4;120;3;0;0;7646
s04;4;120;3;2;0;9982
s04;4;120;3;0;1;9998
s04;4;120;3;0;0;10582
s04;4;120;3;0;1;10615
s04;4;120;3;2;1;10715
s04;4;120;3;0;0;10732
s04;4;120;3;2;0;13968
s04;4;120;3;0;1;13984
s04;4;120;3;2;1;14034
s04;4;120;3;0;0;14068
s04;4;120;3;2;0;14118
s04;4;120;3;0;1;14134
s04;4;120;3;0;0;14368
s04;4;120;3;2;1;14385
s04;4;120;3;2;0;17553
s04;4;120;3;0;1;17570
s04;4;120;3;2;1;18070
s04;4;120;3;0;0;18087
s04;4;120;3;2;0;20822
s04;4;120;3;0;1;20839
s04;4;120;3;2;1;21706
s04;4;120;3;0;0;21723
s04;4;120;3;2;0;23507
s04;4;120;3;0;1;23557
s04;4;120;3;2;1;25375
s04;4;120;3;0;0;25392
s04;4;120;3;2;0;28895
s04;4;120;3;0;1;28912
s04;4;120;3;2;1;30029
s04;4;120;3;0;0;30046
s04;4;120;3;2;0;32731
s04;4;120;3;0;1;32781
s04;4;120;3;2;1;33031
s04;4;120;3;0;0;33048
s04;4;120;3;2;0;33365
s04;4;120;3;0;1;33398
s04;4;120;3;2;1;33882
s04;4;120;3;0;0;33899
s04;4;120;3;2;0;35166
s04;4;120;3;0;1;35183
s04;4;120;3;2;1;35300
s04;4;120;3;0;0;35316
s04;4;120;3;0;1;35466
s04;4;120;3;0;0;36250
s04;4;120;3;2;0;38619
s04;4;120;3;0;1;38669
s04;4;120;3;2;1;39653
s04;4;120;3;0;0;39669
s04;4;120;3;2;0;41438
s04;4;120;3;0;1;41454
s04;4;120;3;0;0;42271
s04;4;120;3;2;1;42288
s04;4;120;3;2;0;44273
s04;4;120;3;0;1;44307
s04;4;120;3;0;0;44373
s04;4;120;3;0;1;44390
s04;4;120;3;2;1;44790
s04;4;120;3;0;0;44807
s04;4;120;3;2;0;45958
s04;4;120;3;2;1;46008
s04;4;120;3;2;0;46041
s04;4;120;3;0;1;46058
s04;4;120;3;2;1;46125
s04;4;120;3;0;0;46191
s04;4;120;3;2;0;47642
s04;4;120;3;0;1;47692
s04;4;120;3;2;1;47792
s04;4;120;3;0;0;47809
s04;4;120;3;2;0;54564
s04;4;120;3;0;1;54581
s04;4;120;3;2;1;54897
s04;4;120;3;0;0;54914
s04;4;120;3;2;0;72477
s04;4;120;3;0;1;72493
s04;4;120;3;2;1;72860
s04;4;120;3;0;0;72877
s04;4;120;3;2;0;75495
s04;4;120;3;0;1;75512
s04;4;120;3;2;1;76229
s04;4;120;3;0;0;76263
s04;4;120;3;2;0;83535
s04;4;120;3;0;1;83585
s04;4;120;3;2;1;83835
s04;4;120;3;0;0;83852
s04;4;120;3;0;1;87888
s04;4;120;3;2;0;87905
s04;4;120;3;2;1;88472
s04;4;120;3;0;0;88488
s04;4;120;3;2;0;93775
s04;4;120;3;0;1;93792
s04;4;120;3;2;1;94543
s04;4;120;3;0;0;94559
s04;4;120;3;0;1;98346
s04;4;120;3;2;0;98363
s04;4;120;3;0;0;98663
s04;4;120;3;2;1;98696
s04;4;120;3;2;0;100181
s04;4;120;3;0;1;100197
s04;4;120;3;2;1;101081
s04;4;120;3;0;0;101098
s04;4;120;3;0;1;103650
s04;4;120;3;2;0;103666
s04;4;120;3;2;1;103967
s04;4;120;3;0;0;103983
s04;4;120;3;0;1;111105
s04;4;120;3;2;0;111121
s04;4;120;3;2;1;111372
s04;4;120;3;0;0;111388
s04;4;120;3;2;0;113874
s04;4;120;3;0;1;113924
s04;4;120;3;2;1;114458
s04;4;120;3;0;0;114508
s04;4;120;3;0;1;116293
s04;4;120;3;2;0;116326
s04;4;120;3;2;1;116643
s04;4;120;3;0;0;116659
s04;4;120;3;2;0;116726
s04;4;120;3;0;1;116743
s04;4;120;3;2;1;116910
s04;4;120;3;0;0;116926
s04;4;120;3;0;1;119178
s04;4;120;3;2;0;119194
s04;4;120;3;2;1;120000
s05;1;120;1;0;0;5732
s05;1;120;1;0;1;12821
s05;1;120;1;0;0;18525
s05;1;120;1;0;1;23645
s05;1;120;1;0;0;26797
s05;1;120;1;0;1;32285
s05;1;120;1;0;0;38939
s05;1;120;1;0;1;43392
s05;1;120;1;0;0;50365
s05;1;120;1;0;1;57303
s05;1;120;1;0;0;62356
s05;1;120;1;0;1;67177
s05;1;120;1;0;0;77567
s05;1;120;1;0;1;87925
s05;1;120;1;0;0;92912
s05;1;120;1;0;1;104804
s05;1;120;1;0;0;112810
s05;1;120;1;0;1;120000
s05;2;120;3;0;0;8892
s05;2;120;3;2;0;20250
s05;2;120;3;0;1;20283
s05;2;120;3;2;1;21134
s05;2;120;3;0;0;21784
s05;2;120;3;0;1;23252
s05;2;120;3;2;0;23385
s05;2;120;3;2;1;23537
s05;2;120;3;0;0;24487
s05;2;120;3;2;0;25638
s05;2;120;3;0;1;25655
s05;2;120;3;2;1;25805
s05;2;120;3;0;0;26255
s05;2;120;3;0;1;33460
s05;2;120;3;2;0;33643
s05;2;120;3;2;1;33810
s05;2;120;3;2;0;33994
s05;2;120;3;2;1;34594
s05;2;120;3;0;0;34661
s05;2;120;3;0;1;41800
s05;2;120;3;2;0;41817
s05;2;120;3;2;1;42617
s05;2;120;3;2;0;42784
s05;2;120;3;2;1;42951
s05;2;120;3;2;0;43067
s05;2;120;3;2;1;43184
s05;2;120;3;2;0;43268
s05;2;120;3;2;1;43401
s05;2;120;3;2;0;43484
s05;2;120;3;0;0;44135
s05;2;120;3;2;1;44168
s05;2;120;3;0;1;47387
s05;2;120;3;2;0;47520
s05;2;120;3;2;1;47921
s05;2;120;3;0;0;47937
s05;2;120;3;0;1;49472
s05;2;120;3;2;0;49505
s05;2;120;3;0;0;51657
s05;2;120;3;2;1;51673
s05;2;120;3;0;1;60213
s05;2;120;3;2;0;60580
s05;2;120;3;2;1;62031
s05;2;120;3;0;0;62148
s05;2;120;3;0;1;63499
s05;2;120;3;2;0;63566
s05;2;120;3;0;0;65484
s05;2;120;3;2;1;65517
s05;2;120;3;0;1;68586
s05;2;120;3;2;0;68869
s05;2;120;3;0;0;70937
s05;2;120;3;2;1;70954
s05;2;120;3;0;1;75357
s05;2;120;3;2;0;75440
s05;2;120;3;0;0;76359
s05;2;120;3;2;1;76425
s05;2;120;3;0;1;78727
s05;2;120;3;2;0;78860
s05;2;120;3;0;0;81712
s05;2;120;3;2;1;81762
s05;2;120;3;2;0;93638
s05;2;120;3;0;1;93671
s05;2;120;3;0;0;95256
s05;2;120;3;2;1;95272
s05;2;120;3;2;0;102410
s05;2;120;3;0;1;102427
s05;2;120;3;2;1;102877
s05;2;120;3;0;0;102944
s05;2;120;3;0;1;104395
s05;2;120;3;0;0;104445
s05;2;120;3;0;1;106113
s05;2;120;3;2;0;106163
s05;2;120;3;2;1;107564
s05;2;120;3;2;0;107714
s05;2;120;3;2;1;109732
s05;2;120;3;0;0;109749
s05;2;120;3;0;1;112668
s05;2;120;3;2;0;112835
s05;2;120;3;2;1;113519
s05;2;120;3;0;0;113536
s05;2;120;3;0;1;114903
s05;2;120;3;2;0;115337
s05;2;120;3;0;0;115804
s05;2;120;3;2;1;115821
s05;2;120;3;0;1;118372
s05;2;120;3;2;0;118639
s05;2;120;3;0;0;118939
s05;2;120;3;2;1;118956
s05;2;120;3;0;1;120000
s05;3;120;1;0;0;2202
s05;3;120;1;0;1;10275
s05;3;120;1;2;0;14528
s05;3;120;1;2;1;15728
s05;3;120;1;0;0;15878
s05;3;120;1;0;1;16479
s05;3;120;1;2;0;16529
s05;3;120;1;0;0;17013
s05;3;120;1;2;1;17029
s05;3;120;1;0;1;17830
s05;3;120;1;2;0;17846
s05;3;120;1;0;0;18430
s05;3;120;1;2;1;18447
s05;3;120;1;0;1;19264
s05;3;120;1;2;0;19314
s05;3;120;1;0;0;20048
s05;3;120;1;2;1;20115
s05;3;120;1;0;1;20932
s05;3;120;1;2;0;21182
s05;3;120;1;2;1;22217
s05;3;120;1;0;0;22250
s05;3;120;1;0;1;22951
s05;3;120;1;2;0;22968
s05;3;120;1;0;0;24619
s05;3;120;1;2;1;24652
s05;3;120;1;0;1;25453
s05;3;120;1;2;0;25586
s05;3;120;1;2;1;25853
s05;3;120;1;0;0;25903
s05;3;120;1;0;1;31240
s05;3;120;1;2;0;31407
s05;3;120;1;0;0;32774
s05;3;120;1;2;1;32791
s05;3;120;1;2;0;35676
s05;3;120;1;2;1;35826
s05;3;120;1;0;1;39747
s05;3;120;1;2;0;39997
s05;3;120;1;0;0;41481
s05;3;120;1;2;1;41498
s05;3;120;1;0;1;41731
s05;3;120;1;2;0;42115
s05;3;120;1;2;1;44099
s05;3;120;1;0;0;44266
s05;3;120;1;0;1;47068
s05;3;120;1;2;0;47335
s05;3;120;1;0;0;48002
s05;3;120;1;2;1;48035
s05;3;120;1;0;1;49637
s05;3;120;1;2;0;49737
s05;3;120;1;0;0;50420
s05;3;120;1;2;1;50471
s05;3;120;1;0;1;52489
s05;3;120;1;2;0;54423
s05;3;120;1;2;1;55124
s05;3;120;1;0;0;55207
s05;3;120;1;0;1;56274
s05;3;120;1;2;0;56441
s05;3;120;1;2;1;58043
s05;3;120;1;0;0;58093
s05;3;120;1;0;1;59995
s05;3;120;1;0;0;60128
s05;3;120;1;0;1;60578
s05;3;120;1;2;0;60662
s05;3;120;1;0;0;61112
s05;3;120;1;2;1;61129
s05;3;120;1;0;1;65665
s05;3;120;1;0;0;67616
s05;3;120;1;0;1;69384
s05;3;120;1;2;0;69568
s05;3;120;1;2;1;71152
s05;3;120;1;0;0;71302
s05;3;120;1;0;1;71419
s05;3;120;1;0;0;71652
s05;3;120;1;0;1;73487
s05;3;120;1;2;0;73720
s05;3;120;1;2;1;74605
s05;3;120;1;0;0;74639
s05;3;120;1;0;1;75406
s05;3;120;1;2;0;75623
s05;3;120;1;2;1;76073
s05;3;120;1;2;0;76090
s05;3;120;1;2;1;76223
s05;3;120;1;0;0;76807
s05;3;120;1;0;1;78024
s05;3;120;1;2;0;78375
s05;3;120;1;2;1;78792
s05;3;120;1;0;0;79042
s05;3;120;1;0;1;80943
s05;3;120;1;2;0;85880
s05;3;120;1;2;1;87281
s05;3;120;1;2;0;88165
s05;3;120;1;2;1;89365
s05;3;120;1;2;0;90233
s05;3;120;1;2;1;90683
s05;3;120;1;0;0;92085
s05;3;120;1;0;1;94286
s05;3;120;1;2;0;94503
s05;3;120;1;2;1;95704
s05;3;120;1;2;0;96088
s05;3;120;1;2;1;97555
s05;3;120;1;2;0;98206
s05;3;120;1;2;1;98606
s05;3;120;1;0;0;98739
s05;3;120;1;0;1;101475
s05;3;120;1;0;0;102492
s05;3;120;1;0;1;104293
s05;3;120;1;0;0;107062
s05;3;120;1;0;1;108262
s05;3;120;1;2;0;108513
s05;3;120;1;2;1;110415
s05;3;120;1;2;0;111999
s05;3;120;1;2;1;114785
s05;3;120;1;2;0;116702
s05;3;120;1;2;1;120000
s05;4;120;3;0;0;1842
s05;4;120;3;0;1;5178
s05;4;120;3;2;0;5228
s05;4;120;3;2;1;5812
s05;4;120;3;0;0;5845
s05;4;120;3;0;1;7413
s05;4;120;3;2;0;7530
s05;4;120;3;0;0;7863
s05;4;120;3;2;1;7880
s05;4;120;3;0;1;8497
s05;4;120;3;2;0;8531
s05;4;120;3;2;1;10065
s05;4;120;3;0;0;10082
s05;4;120;3;0;1;12750
s05;4;120;3;2;0;13034
s05;4;120;3;2;1;13434
s05;4;120;3;0;0;13501
s05;4;120;3;0;1;15585
s05;4;120;3;2;0;15602
s05;4;120;3;2;1;16169
s05;4;120;3;0;0;16186
s05;4;120;3;0;1;18121
s05;4;120;3;2;0;18137
s05;4;120;3;0;0;19254
s05;4;120;3;2;1;19271
s05;4;120;3;2;0;22858
s05;4;120;3;0;1;22891
s05;4;120;3;0;0;24159
s05;4;120;3;2;1;24175
s05;4;120;3;0;1;26877
s05;4;120;3;2;0;26894
s05;4;120;3;0;0;27378
s05;4;120;3;2;1;27411
s05;4;120;3;0;1;29646
s05;4;120;3;2;0;29713
s05;4;120;3;0;0;29996
s05;4;120;3;2;1;30013
s05;4;120;3;0;1;34933
s05;4;120;3;2;0;35350
s05;4;120;3;2;1;35550
s05;4;120;3;0;0;35566
s05;4;120;3;0;1;41071
s05;4;120;3;0;0;41988
s05;4;120;3;0;1;43740
s05;4;120;3;2;0;43773
s05;4;120;3;2;1;46275
s05;4;120;3;0;0;46308
s05;4;120;3;0;1;49093
s05;4;120;3;2;0;49160
s05;4;120;3;2;1;49777
s05;4;120;3;0;0;49794
s05;4;120;3;0;1;51578
s05;4;120;3;2;0;51645
s05;4;120;3;0;0;52095
s05;4;120;3;2;1;52112
s05;4;120;3;0;1;54447
s05;4;120;3;2;0;54497
s05;4;120;3;2;1;55131
s05;4;120;3;0;0;55197
s05;4;120;3;0;1;57467
s05;4;120;3;2;0;57567
s05;4;120;3;2;1;57867
s05;4;120;3;0;0;57900
s05;4;120;3;0;1;58751
s05;4;120;3;2;0;58801
s05;4;120;3;0;0;59568
s05;4;120;3;2;1;59585
s05;4;120;3;2;0;62303
s05;4;120;3;0;1;62336
s05;4;120;3;2;1;62887
s05;4;120;3;0;0;62904
s05;4;120;3;0;1;66273
s05;4;120;3;2;0;66289
s05;4;120;3;2;1;66573
s05;4;120;3;0;0;66623
s05;4;120;3;0;1;70559
s05;4;120;3;2;0;70809
s05;4;120;3;2;1;71092
s05;4;120;3;0;0;71309
s05;4;120;3;0;1;73645
s05;4;120;3;2;0;74729
s05;4;120;3;2;1;75230
s05;4;120;3;0;0;75263
s05;4;120;3;0;1;77114
s05;4;120;3;2;0;77314
s05;4;120;3;0;0;81450
s05;4;120;3;2;1;81484
s05;4;120;3;0;1;81717
s05;4;120;3;2;0;82201
s05;4;120;3;2;1;86104
s05;4;120;3;0;0;87021
s05;4;120;3;0;1;89339
s05;4;120;3;2;0;89539
s05;4;120;3;2;1;89923
s05;4;120;3;0;0;89939
s05;4;120;3;0;1;91658
s05;4;120;3;2;0;91692
s05;4;120;3;0;0;92242
s05;4;120;3;2;1;92259
s05;4;120;3;0;1;96762
s05;4;120;3;2;0;98463
s05;4;120;3;2;1;98580
s05;4;120;3;0;0;98663
s05;4;120;3;0;1;98846
s05;4;120;3;0;0;101999
s05;4;120;3;0;1;105051
s05;4;120;3;2;0;105067
s05;4;120;3;2;1;105334
s05;4;120;3;0;0;105351
s05;4;120;3;0;1;106869
s05;4;120;3;2;0;106902
s05;4;120;3;2;1;107903
s05;4;120;3;0;0;107919
s05;4;120;3;0;1;115792
s05;4;120;3;0;0;118227
s05;4;120;3;0;1;120000
s06;1;120;1;0;0;731
s06;1;120;1;0;1;43062
s06;1;120;1;0;0;44396
s06;1;120;1;0;1;51585
s06;1;120;1;2;0;51602
s06;1;120;1;2;1;52936
s06;1;120;1;0;0;53119
s06;1;120;1;0;1;56355
s06;1;120;1;2;0;56372
s06;1;120;1;2;1;57122
s06;1;120;1;0;0;57139
s06;1;120;1;0;1;60091
s06;1;120;1;2;0;60107
s06;1;120;1;2;1;60725
s06;1;120;1;0;0;60791
s06;1;120;1;0;1;64662
s06;1;120;1;2;0;64678
s06;1;120;1;2;1;65129
s06;1;120;1;0;0;65195
s06;1;120;1;0;1;67263
s06;1;120;1;2;0;67280
s06;1;120;1;2;1;67697
s06;1;120;1;0;0;67747
s06;1;120;1;0;1;69815
s06;1;120;1;2;0;69832
s06;1;120;1;2;1;70282
s06;1;120;1;0;0;70382
s06;1;120;1;0;1;77303
s06;1;120;1;2;0;77453
s06;1;120;1;2;1;78021
s06;1;120;1;0;0;78137
s06;1;120;1;2;0;91581
s06;1;120;1;0;1;91597
s06;1;120;1;2;1;92098
s06;1;120;1;0;0;92231
s06;1;120;1;0;1;94966
s06;1;120;1;2;0;95133
s06;1;120;1;2;1;95917
s06;1;120;1;0;0;95984
s06;1;120;1;0;1;100404
s06;1;120;1;2;0;100421
s06;1;120;1;2;1;100788
s06;1;120;1;0;0;101071
s06;1;120;1;0;1;112012
s06;1;120;1;2;0;112046
s06;1;120;1;2;1;112412
s06;1;120;1;0;0;112629
s06;1;120;1;0;1;118117
s06;1;120;1;2;0;118284
s06;1;120;1;2;1;118484
s06;1;120;1;0;0;118734
s06;1;120;1;0;1;120000
s06;2;120;3;0;0;1588
s06;2;120;3;0;1;17416
s06;2;120;3;2;0;17483
s06;2;120;3;2;1;18133
s06;2;120;3;0;0;18266
s06;2;120;3;0;1;20635
s06;2;120;3;2;0;20785
s06;2;120;3;2;1;21102
s06;2;120;3;0;0;21318
s06;2;120;3;0;1;23753
s06;2;120;3;2;0;24371
s06;2;120;3;2;1;25655
s06;2;120;3;0;0;25805
s06;2;120;3;0;1;30859
s06;2;120;3;2;0;31009
s06;2;120;3;2;1;31410
s06;2;120;3;2;0;31710
s06;2;120;3;2;1;32494
s06;2;120;3;0;0;32544
s06;2;120;3;0;1;41266
s06;2;120;3;2;0;41416
s06;2;120;3;2;1;42384
s06;2;120;3;0;0;42517
s06;2;120;3;0;1;44602
s06;2;120;3;2;0;44769
s06;2;120;3;2;1;45536
s06;2;120;3;0;0;45686
s06;2;120;3;0;1;50207
s06;2;120;3;2;0;50273
s06;2;120;3;2;1;51641
s06;2;120;3;0;0;51674
s06;2;120;3;0;1;54393
s06;2;120;3;2;0;54510
s06;2;120;3;2;1;56444
s06;2;120;3;0;0;56528
s06;2;120;3;0;1;62465
s06;2;120;3;2;0;62582
s06;2;120;3;2;1;63750
s06;2;120;3;0;0;63767
s06;2;120;3;0;1;65668
s06;2;120;3;2;0;65751
s06;2;120;3;2;1;66502
s06;2;120;3;0;0;66519
s06;2;120;3;0;1;67586
s06;2;120;3;2;0;67669
s06;2;120;3;2;1;69004
s06;2;120;3;0;0;69037
s06;2;120;3;0;1;71689
s06;2;120;3;2;0;72006
s06;2;120;3;2;1;73423
s06;2;120;3;0;0;73573
s06;2;120;3;0;1;76709
s06;2;120;3;2;0;76776
s06;2;120;3;2;1;78944
s06;2;120;3;0;0;78977
s06;2;120;3;0;1;80345
s06;2;120;3;2;0;80495
s06;2;120;3;2;1;82881
s06;2;120;3;0;0;82914
s06;2;120;3;0;1;86033
s06;2;120;3;2;0;86066
s06;2;120;3;2;1;86833
s06;2;120;3;0;0;86983
s06;2;120;3;0;1;94138
s06;2;120;3;2;0;94155
s06;2;120;3;2;1;94689
s06;2;120;3;0;0;94805
s06;2;120;3;0;1;97841
s06;2;120;3;2;0;97874
s06;2;120;3;2;1;98542
s06;2;120;3;0;0;98592
s06;2;120;3;0;1;100760
s06;2;120;3;2;0;100794
s06;2;120;3;2;1;101761
s06;2;120;3;0;0;101811
s06;2;120;3;0;1;106247
s06;2;120;3;2;0;106264
s06;2;120;3;2;1;109383
s06;2;120;3;0;0;109416
s06;2;120;3;0;1;119641
s06;2;120;3;2;0;119691
s06;2;120;3;2;1;120000
s06;3;120;1;0;0;870
s06;3;120;1;0;1;16198
s06;3;120;1;2;0;16215
s06;3;120;1;2;1;16849
s06;3;120;1;0;0;16899
s06;3;120;1;0;1;17983
s06;3;120;1;2;0;18050
s06;3;120;1;2;1;19501
s06;3;120;1;0;0;19517
s06;3;120;1;0;1;23687
s06;3;120;1;2;0;23737
s06;3;120;1;2;1;25638
s06;3;120;1;0;0;25655
s06;3;120;1;0;1;27640
s06;3;120;1;2;0;27741
s06;3;120;1;2;1;29091
s06;3;120;1;0;0;29142
s06;3;120;1;0;1;30075
s06;3;120;1;2;0;30209
s06;3;120;1;2;1;30959
s06;3;120;1;0;0;31043
s06;3;120;1;0;1;31927
s06;3;120;1;2;0;31944
s06;3;120;1;0;0;32727
s06;3;120;1;2;1;32744
s06;3;120;1;0;1;37881
s06;3;120;1;2;0;37897
s06;3;120;1;2;1;39448
s06;3;120;1;0;0;39515
s06;3;120;1;0;1;51991
s06;3;120;1;2;0;52025
s06;3;120;1;2;1;52858
s06;3;120;1;0;0;52959
s06;3;120;1;2;0;55760
s06;3;120;1;0;1;55777
s06;3;120;1;2;1;66285
s06;3;120;1;0;0;66335
s06;3;120;1;0;1;69337
s06;3;120;1;2;0;69404
s06;3;120;1;2;1;70104
s06;3;120;1;0;0;70138
s06;3;120;1;0;1;71155
s06;3;120;1;2;0;71172
s06;3;120;1;2;1;78861
s06;3;120;1;0;0;78895
s06;3;120;1;0;1;84282
s06;3;120;1;2;0;84315
s06;3;120;1;2;1;95639
s06;3;120;1;0;0;95673
s06;3;120;1;0;1;102395
s06;3;120;1;0;0;102445
s06;3;120;1;0;1;103596
s06;3;120;1;2;0;103646
s06;3;120;1;0;0;115338
s06;3;120;1;2;1;115405
s06;3;120;1;0;1;116405
s06;3;120;1;2;0;116472
s06;3;120;1;2;1;120000
s06;4;120;3;2;0;940
s06;4;120;3;2;1;1623
s06;4;120;3;0;0;1824
s06;4;120;3;0;1;12582
s06;4;120;3;2;0;12598
s06;4;120;3;2;1;14250
s06;4;120;3;0;0;14266
s06;4;120;3;0;1;15567
s06;4;120;3;2;0;15584
s06;4;120;3;2;1;16501
s06;4;120;3;0;0;16518
s06;4;120;3;0;1;20487
s06;4;120;3;2;0;20504
s06;4;120;3;2;1;21087
s06;4;120;3;0;0;21104
s06;4;120;3;0;1;21821
s06;4;120;3;2;0;21838
s06;4;120;3;2;1;23723
s06;4;120;3;0;0;23739
s06;4;120;3;2;0;29693
s06;4;120;3;0;1;29911
s06;4;120;3;2;1;30578
s06;4;120;3;0;0;30595
s06;4;120;3;0;1;31395
s06;4;120;3;2;0;31412
s06;4;120;3;2;1;34798
s06;4;120;3;0;0;34831
s06;4;120;3;0;1;38033
s06;4;120;3;2;0;38050
s06;4;120;3;2;1;38984
s06;4;120;3;0;0;39001
s06;4;120;3;2;0;41119
s06;4;120;3;0;1;41135
s06;4;120;3;0;0;44021
s06;4;120;3;2;1;44037
s06;4;120;3;2;0;45555
s06;4;120;3;0;1;45572
s06;4;120;3;0;0;52944
s06;4;120;3;2;1;52961
s06;4;120;3;0;1;53278
s06;4;120;3;2;0;53295
s06;4;120;3;2;1;57664
s06;4;120;3;0;0;57681
s06;4;120;3;2;0;58198
s06;4;120;3;0;1;58215
s06;4;120;3;2;1;58982
s06;4;120;3;0;0;58998
s06;4;120;3;2;0;61483
s06;4;120;3;0;1;61500
s06;4;120;3;2;1;72775
s06;4;120;3;0;0;72792
s06;4;120;3;0;1;77278
s06;4;120;3;2;0;77295
s06;4;120;3;2;1;86636
s06;4;120;3;0;0;86652
s06;4;120;3;2;0;87486
s06;4;120;3;0;1;87536
s06;4;120;3;2;1;88437
s06;4;120;3;0;0;88454
s06;4;120;3;2;0;92656
s06;4;120;3;0;1;92690
s06;4;120;3;0;0;99728
s06;4;120;3;2;1;99761
s06;4;120;3;2;0;102664
s06;4;120;3;0;1;102681
s06;4;120;3;0;0;104115
s06;4;120;3;2;1;104132
s06;4;120;3;2;0;117224
s06;4;120;3;0;1;117241
s06;4;120;3;2;1;120000
s07;1;120;1;0;0;10347
s07;1;120;1;0;1;10497
s07;1;120;1;0;0;10597
s07;1;120;1;0;1;11781
s07;1;120;1;0;0;20271
s07;1;120;1;0;1;22189
s07;1;120;1;0;0;26175
s07;1;120;1;0;1;27359
s07;1;120;1;0;0;31663
s07;1;120;1;0;1;33214
s07;1;120;1;0;0;45973
s07;1;120;1;0;1;46323
s07;1;120;1;0;0;59499
s07;1;120;1;0;1;61134
s07;1;120;1;0;0;70141
s07;1;120;1;0;1;70374
s07;1;120;1;0;0;73810
s07;1;120;1;0;1;73943
s07;1;120;1;0;0;78630
s07;1;120;1;0;1;79881
s07;1;120;1;0;0;81048
s07;1;120;1;0;1;82266
s07;1;120;1;0;0;83217
s07;1;120;1;0;1;87604
s07;1;120;1;0;0;110370
s07;1;120;1;0;1;111304
s07;1;120;1;0;0;119077
s07;1;120;1;0;1;119427
s07;2;120;3;0;0;2674
s07;2;120;3;0;1;4225
s07;2;120;3;0;0;7394
s07;2;120;3;0;1;8128
s07;2;120;3;0;0;20487
s07;2;120;3;0;1;21588
s07;2;120;3;0;0;23823
s07;2;120;3;0;1;24656
s07;2;120;3;0;0;35330
s07;2;120;3;0;1;37583
s07;2;120;3;0;0;40768
s07;2;120;3;0;1;43103
s07;2;120;3;0;0;45505
s07;2;120;3;0;1;46189
s07;2;120;3;0;0;47806
s07;2;120;3;0;1;49758
s07;2;120;3;0;0;51292
s07;2;120;3;0;1;51792
s07;2;120;3;0;0;57264
s07;2;120;3;0;1;57414
s07;2;120;3;0;0;58131
s07;2;120;3;0;1;59098
s07;2;120;3;2;0;60049
s07;2;120;3;2;1;60149
s07;2;120;3;0;0;61166
s07;2;120;3;0;1;64185
s07;2;120;3;0;0;64268
s07;2;120;3;0;1;64535
s07;2;120;3;0;0;64635
s07;2;120;3;0;1;64902
s07;2;120;3;0;0;66537
s07;2;120;3;0;1;68471
s07;2;120;3;0;0;68605
s07;2;120;3;0;1;69155
s07;2;120;3;0;0;69238
s07;2;120;3;0;1;69372
s07;2;120;3;0;0;70623
s07;2;120;3;0;1;72325
s07;2;120;3;0;0;73776
s07;2;120;3;0;1;75077
s07;2;120;3;0;0;75160
s07;2;120;3;0;1;75394
s07;2;120;3;0;0;76378
s07;2;120;3;0;1;77078
s07;2;120;3;0;0;78329
s07;2;120;3;0;1;82398
s07;2;120;3;2;0;82849
s07;2;120;3;2;1;82899
s07;2;120;3;0;0;83966
s07;2;120;3;0;1;87035
s07;2;120;3;0;0;88686
s07;2;120;3;0;1;89037
s07;2;120;3;2;0;89454
s07;2;120;3;2;1;89554
s07;2;120;3;0;0;90455
s07;2;120;3;0;1;91039
s07;2;120;3;0;0;91822
s07;2;120;3;0;1;92089
s07;2;120;3;0;0;92239
s07;2;120;3;0;1;92306
s07;2;120;3;0;0;92840
s07;2;120;3;0;1;93940
s07;2;120;3;0;0;96709
s07;2;120;3;0;1;97076
s07;2;120;3;2;0;98093
s07;2;120;3;2;1;98210
s07;2;120;3;0;0;98994
s07;2;120;3;0;1;101062
s07;2;120;3;2;0;103847
s07;2;120;3;2;1;103947
s07;2;120;3;0;0;104881
s07;2;120;3;0;1;106367
s07;2;120;3;0;0;110036
s07;2;120;3;0;1;113905
s07;2;120;3;0;0;115873
s07;2;120;3;0;1;117624
s07;2;120;3;0;0;119742
s07;2;120;3;0;1;120000
s07;3;120;1;0;0;2664
s07;3;120;1;0;1;7351
s07;3;120;1;0;0;27499
s07;3;120;1;0;1;27865
s07;3;120;1;0;0;32987
s07;3;120;1;0;1;33820
s07;3;120;1;0;0;55319
s07;3;120;1;0;1;55553
s07;3;120;1;0;0;62507
s07;3;120;1;0;1;62958
s07;3;120;1;0;0;63541
s07;3;120;1;0;1;64192
s07;3;120;1;0;0;67595
s07;3;120;1;0;1;67762
s07;3;120;1;2;0;68379
s07;3;120;1;2;1;68513
s07;3;120;1;0;0;74733
s07;3;120;1;0;1;75517
s07;3;120;1;0;0;76401
s07;3;120;1;0;1;76618
s07;3;120;1;0;0;87877
s07;3;120;1;0;1;88344
s07;3;120;1;0;0;106440
s07;3;120;1;0;1;107324
s07;3;120;1;2;0;112127
s07;3;120;1;2;1;112277
s07;4;120;3;0;0;1692
s07;4;120;3;0;1;3326
s07;4;120;3;0;0;6129
s07;4;120;3;0;1;6212
s07;4;120;3;0;0;8531
s07;4;120;3;0;1;9331
s07;4;120;3;0;0;9565
s07;4;120;3;0;1;10465
s07;4;120;3;0;0;12483
s07;4;120;3;0;1;14001
s07;4;120;3;0;0;18688
s07;4;120;3;0;1;20405
s07;4;120;3;2;0;20706
s07;4;120;3;2;1;20839
s07;4;120;3;0;0;35950
s07;4;120;3;0;1;40470
s07;4;120;3;0;0;41472
s07;4;120;3;0;1;44440
s07;4;120;3;0;0;46125
s07;4;120;3;0;1;51979
s07;4;120;3;2;0;52279
s07;4;120;3;2;1;52396
s07;4;120;3;0;0;54847
s07;4;120;3;0;1;56882
s07;4;120;3;0;0;59968
s07;4;120;3;0;1;61936
s07;4;120;3;0;0;62103
s07;4;120;3;0;1;62320
s07;4;120;3;0;0;62720
s07;4;120;3;0;1;63921
s07;4;120;3;0;0;64271
s07;4;120;3;0;1;69191
s07;4;120;3;2;0;69558
s07;4;120;3;2;1;69708
s07;4;120;3;0;0;72143
s07;4;120;3;0;1;73894
s07;4;120;3;0;0;75780
s07;4;120;3;0;1;79432
s07;4;120;3;0;0;79983
s07;4;120;3;0;1;82301
s07;4;120;3;2;0;82618
s07;4;120;3;2;1;82701
s07;4;120;3;0;0;86037
s07;4;120;3;0;1;88372
s07;4;120;3;0;0;90407
s07;4;120;3;0;1;91007
s07;4;120;3;2;0;91157
s07;4;120;3;2;1;91290
s07;4;120;3;0;0;93576
s07;4;120;3;0;1;93943
s07;4;120;3;2;0;94310
s07;4;120;3;2;1;94444
s07;4;120;3;2;0;96645
s07;4;120;3;2;1;96762
s07;4;120;3;0;0;97412
s07;4;120;3;0;1;97712
s07;4;120;3;2;0;100514
s07;4;120;3;2;1;100598
s07;4;120;3;0;0;101598
s07;4;120;3;0;1;101765
s07;4;120;3;0;0;104667
s07;4;120;3;0;1;105051
s07;4;120;3;0;0;106919
s07;4;120;3;0;1;107269
s07;4;120;3;0;0;109003
s07;4;120;3;0;1;109520
s07;4;120;3;0;0;111506
s07;4;120;3;0;1;113274
s07;4;120;3;0;0;118177
s07;4;120;3;0;1;118578
s08;1;30;3;0;0;16211
s08;1;30;3;0;1;30000
s08;2;30;1;0;0;4100
s08;2;30;1;0;1;30000
s08;3;30;3;2;0;2226
s08;3;30;3;2;1;15089
s08;3;30;3;2;0;15755
s08;3;30;3;2;1;16121
s08;3;30;3;2;0;26584
s08;3;30;3;2;1;30000
s08;4;30;1;0;0;5275
s08;4;30;1;0;1;30000
s08;5;30;1;2;0;8519
s08;5;30;1;0;0;27845
s08;5;30;1;2;1;28095
s08;5;30;1;0;1;30000
s08;6;30;3;2;0;4278
s08;6;30;3;0;0;13874
s08;6;30;3;2;1;13974
s08;6;30;3;0;1;20805
s08;6;30;3;2;0;20855
s08;6;30;3;2;1;30000
s08;7;30;1;2;0;2451
s08;7;30;1;0;0;22926
s08;7;30;1;2;1;22993
s08;7;30;1;0;1;23393
s08;7;30;1;2;0;23493
s08;7;30;1;0;0;27242
s08;7;30;1;2;1;27459
s08;7;30;1;0;1;28608
s08;7;30;1;2;0;28625
s08;7;30;1;2;1;30000
s08;8;30;3;2;0;2590
s08;8;30;3;2;1;18968
s08;8;30;3;0;0;19184
s08;8;30;3;0;1;30000
s09;1;30;1;0;0;8127
s09;1;30;1;0;1;30000
s09;2;30;3;0;0;11897
s09;2;30;3;0;1;21043
s09;2;30;3;2;0;22260
s09;2;30;3;2;1;30000
s09;3;30;1;2;0;3385
s09;3;30;1;2;1;3485
s09;3;30;1;2;0;3518
s09;3;30;1;2;1;19329
s09;4;30;3;0;0;2918
s09;4;30;3;0;1;10448
s09;4;30;3;2;0;10481
s09;4;30;3;2;1;30000
s09;5;30;1;2;0;6643
s09;5;30;1;0;0;12390
s09;5;30;1;2;1;12425
s09;5;30;1;0;1;30000
s09;6;30;3;2;0;16313
s09;6;30;3;0;0;17962
s09;6;30;3;2;1;17995
s09;6;30;3;0;1;30000
s09;7;30;1;0;0;3501
s09;7;30;1;0;1;4185
s09;7;30;1;0;0;4667
s09;7;30;1;0;1;30000
s09;8;30;3;2;0;1781
s09;8;30;3;2;1;30000
s10;1;30;3;0;0;13336
s10;1;30;3;0;1;25414
s10;1;30;3;2;0;25498
s10;1;30;3;2;1;30000
s10;2;30;1;0;0;19943
s10;2;30;1;0;1;30000
s10;3;30;3;0;0;2729
s10;3;30;3;0;1;30000
s10;4;30;1;0;0;1719
s10;4;30;1;0;1;30000
s10;5;30;1;0;0;3358
s10;5;30;1;0;1;10239
s10;5;30;1;2;0;10389
s10;5;30;1;2;1;15237
s10;5;30;1;0;0;15487
s10;5;30;1;0;1;24733
s10;5;30;1;2;0;24850
s10;5;30;1;2;1;30000
s10;6;30;3;2;0;2571
s10;6;30;3;2;1;10168
s10;6;30;3;0;0;10251
s10;6;30;3;2;0;17799
s10;6;30;3;0;1;17832
s10;6;30;3;2;1;30000
s10;7;30;1;0;0;2715
s10;7;30;1;0;1;30000
s10;8;30;3;0;0;4175
s10;8;30;3;0;1;30000
s11;1;30;1;2;0;2914
s11;1;30;1;2;1;15177
s11;1;30;1;0;0;17692
s11;1;30;1;2;0;29888
s11;1;30;1;0;1;30000
s11;1;30;1;2;1;30000
s11;2;30;3;2;0;5543
s11;2;30;3;0;0;19254
s11;2;30;3;2;1;19655
s11;2;30;3;0;1;30000
s11;3;30;1;0;0;3336
s11;3;30;1;0;1;30000
s11;4;30;3;2;0;5332
s11;4;30;3;0;0;20925
s11;4;30;3;2;1;21342
s11;4;30;3;0;1;30000
s11;5;30;1;0;0;2803
s11;5;30;1;0;1;30000
s11;6;30;3;0;0;3296
s11;6;30;3;0;1;30000
s11;7;30;1;2;0;2482
s11;7;30;1;2;1;30000
s11;8;30;3;0;0;2102
s11;8;30;3;2;0;22144
s11;8;30;3;0;1;22528
s11;8;30;3;2;1;30000
s12;1;120;1;0;0;9725
s12;1;120;1;0;1;11043
s12;1;120;1;0;0;17764
s12;1;120;1;0;1;19081
s12;1;120;1;0;0;22017
s12;1;120;1;0;1;24051
s12;1;120;1;0;0;35944
s12;1;120;1;0;1;36578
s12;1;120;1;0;0;40647
s12;1;120;1;0;1;42332
s12;1;120;1;0;0;45985
s12;1;120;1;0;1;46168
s12;1;120;1;0;0;47686
s12;1;120;1;0;1;48186
s12;1;120;1;0;0;49788
s12;1;120;1;0;1;50838
s12;1;120;1;0;0;61196
s12;1;120;1;0;1;62564
s12;1;120;1;0;0;63248
s12;1;120;1;0;1;64215
s12;1;120;1;0;0;65332
s12;1;120;1;0;1;66183
s12;1;120;1;0;0;68268
s12;1;120;1;0;1;69185
s12;1;120;1;0;0;73555
s12;1;120;1;0;1;74539
s12;1;120;1;0;0;75906
s12;1;120;1;0;1;77457
s12;1;120;1;0;0;81978
s12;1;120;1;0;1;83446
s12;1;120;1;0;0;85097
s12;1;120;1;0;1;86047
s12;1;120;1;0;0;91001
s12;1;120;1;0;1;91901
s12;1;120;1;0;0;97006
s12;1;120;1;0;1;98674
s12;1;120;1;0;0;101492
s12;1;120;1;0;1;103243
s12;1;120;1;0;0;105211
s12;1;120;1;0;1;106079
s12;1;120;1;0;0;108247
s12;1;120;1;0;1;109047
s12;1;120;1;0;0;111949
s12;1;120;1;0;1;113217
s12;1;120;1;0;0;115586
s12;1;120;1;0;1;116170
s12;2;120;3;0;0;3321
s12;2;120;3;0;1;5189
s12;2;120;3;0;0;7874
s12;2;120;3;0;1;9658
s12;2;120;3;0;0;13762
s12;2;120;3;0;1;15280
s12;2;120;3;0;0;17965
s12;2;120;3;0;1;19283
s12;2;120;3;0;0;22218
s12;2;120;3;0;1;23452
s12;2;120;3;0;0;26004
s12;2;120;3;0;1;28256
s12;2;120;3;0;0;30191
s12;2;120;3;0;1;31992
s12;2;120;3;0;0;35945
s12;2;120;3;0;1;39531
s12;2;120;3;0;0;40048
s12;2;120;3;0;1;43033
s12;2;120;3;0;0;44034
s12;2;120;3;0;1;46153
s12;2;120;3;0;0;48404
s12;2;120;3;0;1;55893
s12;2;120;3;0;0;57194
s12;2;120;3;0;1;60462
s12;2;120;3;0;0;63532
s12;2;120;3;0;1;68369
s12;2;120;3;0;0;69670
s12;2;120;3;0;1;71754
s12;2;120;3;0;0;76574
s12;2;120;3;0;1;87049
s12;2;120;3;2;0;87066
s12;2;120;3;2;1;87349
s12;2;120;3;0;0;88350
s12;2;120;3;2;0;90568
s12;2;120;3;0;1;90585
s12;2;120;3;2;1;90868
s12;2;120;3;2;0;92086
s12;2;120;3;2;1;92269
s12;2;120;3;0;0;94371
s12;2;120;3;0;1;95738
s12;2;120;3;2;0;95805
s12;2;120;3;2;1;96088
s12;2;120;3;0;0;100042
s12;2;120;3;0;1;100609
s12;2;120;3;2;0;100909
s12;2;120;3;2;1;101059
s12;2;120;3;0;0;103278
s12;2;120;3;0;1;106863
s12;2;120;3;0;0;107864
s12;2;120;3;0;1;118923
s12;2;120;3;2;0;118989
s12;2;120;3;2;1;119089
s12;3;120;1;0;0;3318
s12;3;120;1;0;1;6654
s12;3;120;1;0;0;7005
s12;3;120;1;0;1;10757
s12;3;120;1;0;0;13409
s12;3;120;1;0;1;16828
s12;3;120;1;2;0;16895
s12;3;120;1;2;1;17112
s12;3;120;1;2;0;17679
s12;3;120;1;2;1;17812
s12;3;120;1;0;0;19597
s12;3;120;1;0;1;22115
s12;3;120;1;2;0;22232
s12;3;120;1;2;1;22432
s12;3;120;1;0;0;23149
s12;3;120;1;0;1;25735
s12;3;120;1;2;0;25785
s12;3;120;1;2;1;26235
s12;3;120;1;2;0;26369
s12;3;120;1;2;1;26652
s12;3;120;1;2;0;27286
s12;3;120;1;2;1;27987
s12;3;120;1;0;0;28203
s12;3;120;1;0;1;29504
s12;3;120;1;2;0;29521
s12;3;120;1;2;1;29888
s12;3;120;1;0;0;31789
s12;3;120;1;0;1;37293
s12;3;120;1;2;0;37309
s12;3;120;1;0;0;37343
s12;3;120;1;2;1;37359
s12;3;120;1;0;1;37476
s12;3;120;1;2;0;37510
s12;3;120;1;2;1;37643
s12;3;120;1;2;0;37726
s12;3;120;1;2;1;37776
s12;3;120;1;0;0;38293
s12;3;120;1;0;1;39995
s12;3;120;1;2;0;40011
s12;3;120;1;2;1;40128
s12;3;120;1;2;0;40478
s12;3;120;1;2;1;40562
s12;3;120;1;0;0;40829
s12;3;120;1;0;1;44432
s12;3;120;1;2;0;44449
s12;3;120;1;2;1;44582
s12;3;120;1;2;0;44749
s12;3;120;1;2;1;44899
s12;3;120;1;2;0;45032
s12;3;120;1;2;1;45149
s12;3;120;1;0;0;45266
s12;3;120;1;0;1;46333
s12;3;120;1;2;0;46383
s12;3;120;1;2;1;47217
s12;3;120;1;0;0;47251
s12;3;120;1;0;1;49869
s12;3;120;1;2;0;49886
s12;3;120;1;2;1;50036
s12;3;120;1;2;0;50152
s12;3;120;1;2;1;50269
s12;3;120;1;0;0;50436
s12;3;120;1;0;1;52321
s12;3;120;1;2;0;52354
s12;3;120;1;2;1;52521
s12;3;120;1;2;0;52637
s12;3;120;1;2;1;52821
s12;3;120;1;0;0;53054
s12;3;120;1;0;1;54289
s12;3;120;1;2;0;54455
s12;3;120;1;2;1;54572
s12;3;120;1;2;0;54656
s12;3;120;1;2;1;54756
s12;3;120;1;0;0;55089
s12;3;120;1;0;1;57107
s12;3;120;1;2;0;57124
s12;3;120;1;2;1;57391
s12;3;120;1;2;0;57491
s12;3;120;1;2;1;57574
s12;3;120;1;0;0;57724
s12;3;120;1;0;1;58926
s12;3;120;1;2;0;58943
s12;3;120;1;2;1;59059
s12;3;120;1;2;0;59243
s12;3;120;1;2;1;59860
s12;3;120;1;0;0;59877
s12;3;120;1;0;1;60911
s12;3;120;1;2;0;61061
s12;3;120;1;2;1;61461
s12;3;120;1;0;0;62028
s12;3;120;1;0;1;63896
s12;3;120;1;2;0;63963
s12;3;120;1;2;1;64613
s12;3;120;1;0;0;65681
s12;3;120;1;0;1;65914
s12;3;120;1;2;0;65981
s12;3;120;1;2;1;66748
s12;3;120;1;0;0;66898
s12;3;120;1;0;1;67832
s12;3;120;1;2;0;67882
s12;3;120;1;2;1;67999
s12;3;120;1;2;0;68016
s12;3;120;1;2;1;68116
s12;3;120;1;2;0;68232
s12;3;120;1;2;1;68516
s12;3;120;1;0;0;69283
s12;3;120;1;0;1;69800
s12;3;120;1;2;0;70534
s12;3;120;1;2;1;70734
s12;3;120;1;2;0;72268
s12;3;120;1;2;1;72785
s12;3;120;1;0;0;73403
s12;3;120;1;0;1;73819
s12;3;120;1;2;0;73936
s12;3;120;1;2;1;74103
s12;3;120;1;0;0;75154
s12;3;120;1;0;1;75854
s12;3;120;1;2;0;75904
s12;3;120;1;2;1;76004
s12;3;120;1;2;0;76154
s12;3;120;1;2;1;76238
s12;3;120;1;0;0;76906
s12;3;120;1;0;1;77123
s12;3;120;1;2;0;77723
s12;3;120;1;2;1;77907
s12;3;120;1;0;0;78223
s12;3;120;1;0;1;79708
s12;3;120;1;0;0;80108
s12;3;120;1;0;1;81059
s12;3;120;1;2;0;81125
s12;3;120;1;2;1;81225
s12;3;120;1;2;0;81342
s12;3;120;1;2;1;81559
s12;3;120;1;2;0;82043
s12;3;120;1;2;1;82143
s12;3;120;1;0;0;82260
s12;3;120;1;0;1;83177
s12;3;120;1;2;0;83293
s12;3;120;1;2;1;83394
s12;3;120;1;2;0;83494
s12;3;120;1;2;1;83610
s12;3;120;1;0;0;84328
s12;3;120;1;0;1;85211
s12;3;120;1;2;0;85295
s12;3;120;1;2;1;85712
s12;3;120;1;0;0;86462
s12;3;120;1;0;1;86829
s12;3;120;1;2;0;86996
s12;3;120;1;2;1;87179
s12;3;120;1;2;0;88580
s12;3;120;1;2;1;88797
s12;3;120;1;2;0;90832
s12;3;120;1;2;1;91532
s12;3;120;1;2;0;92433
s12;3;120;1;2;1;93467
s12;3;120;1;2;0;94369
s12;3;120;1;2;1;94969
s12;3;120;1;2;0;95119
s12;3;120;1;2;1;95536
s12;3;120;1;2;0;95619
s12;3;120;1;2;1;95703
s12;3;120;1;2;0;96353
s12;3;120;1;2;1;98455
s12;3;120;1;2;0;99088
s12;3;120;1;2;1;99472
s12;3;120;1;0;0;99589
s12;3;120;1;0;1;99939
s12;3;120;1;2;0;100456
s12;3;120;1;2;1;101173
s12;3;120;1;2;0;101774
s12;3;120;1;2;1;102224
s12;3;120;1;0;0;103658
s12;3;120;1;0;1;103992
s12;3;120;1;2;0;104192
s12;3;120;1;2;1;104392
s12;3;120;1;0;0;105076
s12;3;120;1;0;1;105610
s12;3;120;1;2;0;105726
s12;3;120;1;2;1;105876
s12;3;120;1;2;0;106277
s12;3;120;1;2;1;107444
s12;3;120;1;0;0;108912
s12;3;120;1;0;1;109762
s12;3;120;1;2;0;110363
s12;3;120;1;2;1;110713
s12;3;120;1;2;0;111515
s12;3;120;1;2;1;111931
s12;3;120;1;2;0;112999
s12;3;120;1;2;1;113749
s12;3;120;1;2;0;114700
s12;3;120;1;2;1;115100
s12;3;120;1;0;0;116701
s12;3;120;1;0;1;116935
s12;3;120;1;2;0;117352
s12;3;120;1;2;1;117535
s12;3;120;1;2;0;117902
s12;3;120;1;2;1;118469
s12;3;120;1;0;0;119453
s12;3;120;1;0;1;119753
s12;4;120;3;0;0;1714
s12;4;120;3;0;1;1914
s12;4;120;3;0;0;6301
s12;4;120;3;0;1;6734
s12;4;120;3;2;0;6968
s12;4;120;3;2;1;7201
s12;4;120;3;0;0;13307
s12;4;120;3;0;1;13490
s12;4;120;3;0;0;13940
s12;4;120;3;0;1;14707
s12;4;120;3;2;0;15041
s12;4;120;3;2;1;15208
s12;4;120;3;2;0;15925
s12;4;120;3;2;1;16325
s12;4;120;3;2;0;16575
s12;4;120;3;2;1;17226
s12;4;120;3;2;0;20011
s12;4;120;3;2;1;20778
s12;4;120;3;2;0;21045
s12;4;120;3;2;1;21645
s12;4;120;3;0;0;23380
s12;4;120;3;0;1;24981
s12;4;120;3;2;0;25531
s12;4;120;3;2;1;25965
s12;4;120;3;0;0;27249
s12;4;120;3;0;1;28483
s12;4;120;3;0;0;35189
s12;4;120;3;0;1;36456
s12;4;120;3;0;0;36907
s12;4;120;3;0;1;38541
s12;4;120;3;2;0;40092
s12;4;120;3;2;1;42444
s12;4;120;3;0;0;45863
s12;4;120;3;0;1;46497
s12;4;120;3;0;0;48199
s12;4;120;3;0;1;49883
s12;4;120;3;0;0;52518
s12;4;120;3;0;1;54770
s12;4;120;3;2;0;57005
s12;4;120;3;2;1;57221
s12;4;120;3;0;0;58556
s12;4;120;3;0;1;59623
s12;4;120;3;0;0;59990
s12;4;120;3;0;1;62008
s12;4;120;3;2;0;62158
s12;4;120;3;2;1;63359
s12;4;120;3;0;0;66662
s12;4;120;3;0;1;68230
s12;4;120;3;2;0;68613
s12;4;120;3;2;1;69881
s12;4;120;3;0;0;72483
s12;4;120;3;0;1;72933
s12;4;120;3;2;0;73650
s12;4;120;3;2;1;74000
s12;4;120;3;0;0;79838
s12;4;120;3;0;1;80388
s12;4;120;3;2;0;85976
s12;4;120;3;2;1;87327
s12;4;120;3;0;0;88828
s12;4;120;3;0;1;89378
s12;4;120;3;2;0;89962
s12;4;120;3;2;1;90896
s12;4;120;3;0;0;92030
s12;4;120;3;0;1;92964
s12;4;120;3;2;0;93331
s12;4;120;3;2;1;94148
s12;4;120;3;0;0;95066
s12;4;120;3;0;1;95082
s12;4;120;3;2;0;95182
s12;4;120;3;2;1;96150
s12;4;120;3;0;0;97451
s12;4;120;3;0;1;98151
s12;4;120;3;2;0;98868
s12;4;120;3;2;1;99987
s12;4;120;3;0;0;101304
s12;4;120;3;0;1;102088
s12;4;120;3;2;0;102305
s12;4;120;3;2;1;103172
s12;4;120;3;0;0;104723
s12;4;120;3;0;1;106174
s12;4;120;3;0;0;106358
s12;4;120;3;0;1;107525
s12;4;120;3;2;0;107592
s12;4;120;3;2;1;108592
s12;4;120;3;0;0;108776
s12;4;120;3;0;1;110110
s12;4;120;3;2;0;110377
s12;4;120;3;2;1;111795
s12;4;120;3;0;0;112478
s12;4;120;3;0;1;114847
s12;4;120;3;0;0;115013
s12;4;120;3;0;1;115063
s12;4;120;3;0;0;115430
s12;4;120;3;0;1;116314
s12;4;120;3;2;0;116532
s12;4;120;3;2;1;117199
s12;4;120;3;2;0;117449
s12;4;120;3;2;1;117566
s12;4;120;3;2;0;117683
s12;4;120;3;2;1;117733
s12;4;120;3;0;0;119484
s12;4;120;3;0;1;120000
s13;1;30;3;0;0;13336
s13;1;30;3;0;1;25414
s13;1;30;3;2;0;25498
s13;1;30;3;2;1;30000
s13;2;30;1;0;0;19943
s13;2;30;1;0;1;30000
s13;3;30;3;0;0;2729
s13;3;30;3;0;1;30000
s13;4;30;1;0;0;1719
s13;4;30;1;0;1;30000
s13;5;30;1;0;0;3358
s13;5;30;1;0;1;10239
s13;5;30;1;2;0;10389
s13;5;30;1;2;1;15237
s13;5;30;1;0;0;15487
s13;5;30;1;0;1;24733
s13;5;30;1;2;0;24850
s13;5;30;1;2;1;30000
s13;6;30;3;2;0;2571
s13;6;30;3;2;1;10168
s13;6;30;3;0;0;10251
s13;6;30;3;2;0;17799
s13;6;30;3;0;1;17832
s13;6;30;3;2;1;30000
s13;7;30;1;0;0;2715
s13;7;30;1;0;1;30000
s13;8;30;3;0;0;4175
s13;8;30;3;0;1;30000
s14;1;30;1;0;0;1430
s14;1;30;1;0;1;4679
s14;1;30;1;2;0;4696
s14;1;30;1;2;1;10460
s14;1;30;1;0;0;10660
s14;1;30;1;0;1;30000
s14;2;30;3;0;0;2977
s14;2;30;3;0;1;3743
s14;2;30;3;2;0;3810
s14;2;30;3;2;1;5976
s14;2;30;3;0;0;6009
s14;2;30;3;0;1;16821
s14;2;30;3;2;0;16921
s14;2;30;3;2;1;24418
s14;2;30;3;0;0;24535
s14;2;30;3;0;1;30000
s14;3;30;1;0;0;4143
s14;3;30;1;0;1;30000
s14;4;30;3;2;0;1648
s14;4;30;3;2;1;22357
s14;4;30;3;0;0;22740
s14;4;30;3;0;1;30000
s14;5;30;1;2;0;2729
s14;5;30;1;2;1;10943
s14;5;30;1;0;0;11042
s14;5;30;1;0;1;30000
s14;6;30;3;2;0;920
s14;6;30;3;0;0;8117
s14;6;30;3;2;1;8251
s14;6;30;3;0;1;9367
s14;6;30;3;2;0;9384
s14;6;30;3;2;1;14082
s14;6;30;3;0;0;14132
s14;6;30;3;2;0;15298
s14;6;30;3;0;1;15331
s14;6;30;3;2;1;20713
s14;6;30;3;0;0;20829
s14;6;30;3;0;1;30000
s14;7;30;1;0;0;1601
s14;7;30;1;0;1;30000
s14;8;30;3;2;0;1754
s14;8;30;3;2;1;4953
s14;8;30;3;0;0;5386
s14;8;30;3;0;1;30000
s15;1;120;1;0;0;1128
s15;1;120;1;0;1;16506
s15;1;120;1;0;0;18207
s15;1;120;1;0;1;20059
s15;1;120;1;0;0;22794
s15;1;120;1;0;1;32001
s15;1;120;1;0;0;37338
s15;1;120;1;0;1;38155
s15;1;120;1;2;0;39990
s15;1;120;1;2;1;41274
s15;1;120;1;2;0;42375
s15;1;120;1;2;1;42658
s15;1;120;1;0;0;43976
s15;1;120;1;0;1;45077
s15;1;120;1;2;0;45711
s15;1;120;1;2;1;49814
s15;1;120;1;2;0;51615
s15;1;120;1;2;1;56452
s15;1;120;1;0;0;56919
s15;1;120;1;0;1;57686
s15;1;120;1;0;0;58937
s15;1;120;1;0;1;59837
s15;1;120;1;2;0;59871
s15;1;120;1;2;1;59954
s15;1;120;1;0;0;60588
s15;1;120;1;0;1;62006
s15;1;120;1;2;0;62056
s15;1;120;1;2;1;62524
s15;1;120;1;0;0;63041
s15;1;120;1;0;1;64958
s15;1;120;1;2;0;65075
s15;1;120;1;2;1;66393
s15;1;120;1;0;0;67210
s15;1;120;1;0;1;69095
s15;1;120;1;2;0;69111
s15;1;120;1;2;1;70879
s15;1;120;1;2;0;70963
s15;1;120;1;2;1;71113
s15;1;120;1;0;0;71363
s15;1;120;1;0;1;73131
s15;1;120;1;2;0;73147
s15;1;120;1;2;1;79068
s15;1;120;1;0;0;79101
s15;1;120;1;2;0;80954
s15;1;120;1;0;1;80987
s15;1;120;1;2;1;82905
s15;1;120;1;0;0;82922
s15;1;120;1;2;0;86074
s15;1;120;1;0;1;86090
s15;1;120;1;2;1;90277
s15;1;120;1;0;0;90360
s15;1;120;1;2;0;96064
s15;1;120;1;0;1;96081
s15;1;120;1;0;0;101152
s15;1;120;1;2;1;101168
s15;1;120;1;2;0;102969
s15;1;120;1;0;1;102986
s15;1;120;1;2;1;105338
s15;1;120;1;0;0;105404
s15;1;120;1;0;1;108623
s15;1;120;1;0;0;109140
s15;1;120;1;0;1;113176
s15;1;120;1;2;0;113193
s15;1;120;1;2;1;114210
s15;1;120;1;0;0;114260
s15;1;120;1;2;0;116346
s15;1;120;1;0;1;116380
s15;1;120;1;2;1;120000
s15;2;120;3;0;0;1573
s15;2;120;3;2;0;17935
s15;2;120;3;0;1;17985
s15;2;120;3;2;1;18970
s15;2;120;3;0;0;19036
s15;2;120;3;0;1;29928
s15;2;120;3;2;0;29945
s15;2;120;3;2;1;30295
s15;2;120;3;0;0;31512
s15;2;120;3;0;1;33347
s15;2;120;3;0;0;34631
s15;2;120;3;0;1;35815
s15;2;120;3;2;0;35982
s15;2;120;3;2;1;37783
s15;2;120;3;0;0;38350
s15;2;120;3;0;1;39534
s15;2;120;3;2;0;39601
s15;2;120;3;2;1;40218
s15;2;120;3;0;0;40268
s15;2;120;3;0;1;44906
s15;2;120;3;2;0;44956
s15;2;120;3;2;1;45456
s15;2;120;3;0;0;45589
s15;2;120;3;0;1;49008
s15;2;120;3;2;0;49025
s15;2;120;3;2;1;49842
s15;2;120;3;0;0;49859
s15;2;120;3;0;1;55513
s15;2;120;3;2;0;55529
s15;2;120;3;2;1;55963
s15;2;120;3;0;0;56163
s15;2;120;3;0;1;58098
s15;2;120;3;2;0;58131
s15;2;120;3;2;1;59382
s15;2;120;3;0;0;59749
s15;2;120;3;0;1;65254
s15;2;120;3;2;0;65270
s15;2;120;3;2;1;66588
s15;2;120;3;0;0;66605
s15;2;120;3;2;0;68890
s15;2;120;3;0;1;68923
s15;2;120;3;2;1;70691
s15;2;120;3;0;0;70908
s15;2;120;3;2;0;105833
s15;2;120;3;0;1;105866
s15;2;120;3;2;1;106750
s15;2;120;3;0;0;106767
s15;2;120;3;2;0;110386
s15;2;120;3;0;1;110403
s15;2;120;3;2;1;112772
s15;2;120;3;0;0;112839
s15;2;120;3;2;0;118376
s15;2;120;3;0;1;118393
s15;2;120;3;2;1;120000
s15;3;120;1;0;0;1235
s15;3;120;1;0;1;120000
s15;4;120;3;0;0;1809
s15;4;120;3;0;1;11867
s15;4;120;3;0;0;13268
s15;4;120;3;0;1;16003
s15;4;120;3;0;0;20940
s15;4;120;3;0;1;26695
s15;4;120;3;0;0;30747
s15;4;120;3;0;1;38152
s15;4;120;3;2;0;38636
s15;4;120;3;2;1;39771
s15;4;120;3;0;0;40788
s15;4;120;3;0;1;42356
s15;4;120;3;2;0;42773
s15;4;120;3;2;1;46492
s15;4;120;3;0;0;46509
s15;4;120;3;2;0;66590
s15;4;120;3;0;1;66640
s15;4;120;3;0;0;67324
s15;4;120;3;2;1;67357
s15;4;120;3;2;0;72477
s15;4;120;3;0;1;72544
s15;4;120;3;0;0;74029
s15;4;120;3;2;1;74062
s15;4;120;3;2;0;77148
s15;4;120;3;0;1;77248
s15;4;120;3;0;0;79917
s15;4;120;3;2;1;79934
s15;4;120;3;2;0;81635
s15;4;120;3;2;1;81785
s15;4;120;3;2;0;86371
s15;4;120;3;0;1;86438
s15;4;120;3;0;0;89056
s15;4;120;3;2;1;89106
s15;4;120;3;2;0;91925
s15;4;120;3;0;1;91975
s15;4;120;3;2;1;95295
s15;4;120;3;0;0;95328
s15;4;120;3;2;0;97997
s15;4;120;3;0;1;98030
s15;4;120;3;2;1;101182
s15;4;120;3;0;0;101199
s15;4;120;3;2;0;105552
s15;4;120;3;0;1;105568
s15;4;120;3;2;1;106536
s15;4;120;3;0;0;106552
s15;4;120;3;2;0;111357
s15;4;120;3;0;1;111473
s15;4;120;3;2;1;112307
s15;4;120;3;0;0;112357
s15;4;120;3;0;1;120000
