ID;Block;Duration;Aligned;Target1;Target2;Target3;ChangeTime
s01;1;120;0;1;1;1;0
s01;1;120;0;0;0;0;3344
s01;1;120;0;1;1;1;5410
s01;1;120;0;0;1;1;8775
s01;1;120;0;1;1;1;11558
s01;1;120;0;0;0;0;15390
s01;1;120;0;1;1;1;18155
s01;1;120;0;0;0;0;21221
s01;1;120;0;1;1;1;22787
s01;1;120;0;1;0;1;25752
s01;1;120;0;1;1;1;27502
s01;1;120;0;0;0;0;31316
s01;1;120;0;1;1;1;33683
s01;1;120;0;1;0;0;36231
s01;1;120;0;1;1;1;37848
s01;1;120;0;1;0;0;41713
s01;1;120;0;1;1;1;44611
s01;1;120;0;0;0;1;48610
s01;1;120;0;1;1;1;51159
s01;1;120;0;0;0;0;55141
s01;1;120;0;1;1;1;57674
s01;1;120;0;1;0;1;61072
s01;1;120;0;1;1;1;63271
s01;1;120;0;0;0;0;67036
s01;1;120;0;1;1;1;68753
s01;1;120;0;0;1;1;70802
s01;1;120;0;1;1;1;73301
s01;1;120;0;0;0;0;75833
s01;1;120;0;1;1;1;78782
s01;1;120;0;0;1;0;81298
s01;1;120;0;1;1;1;82914
s01;1;120;0;0;0;0;85930
s01;1;120;0;1;1;1;88528
s01;1;120;0;0;1;0;91877
s01;1;120;0;1;1;1;93793
s01;1;120;0;0;1;0;96092
s01;1;120;0;1;1;1;99074
s01;1;120;0;1;0;1;101090
s01;1;120;0;1;1;1;103623
s01;1;120;0;0;0;0;105855
s01;1;120;0;1;1;1;108338
s01;1;120;0;0;0;0;111187
s01;1;120;0;1;1;1;113136
s01;1;120;0;0;0;0;116551
s01;1;120;0;1;1;1;118550
s01;2;120;1;1;1;1;0
s01;2;120;1;0;0;0;3933
s01;2;120;1;1;1;1;6516
s01;2;120;1;0;1;1;9498
s01;2;120;1;1;1;1;12380
s01;2;120;1;1;0;1;16129
s01;2;120;1;1;1;1;17978
s01;2;120;1;1;0;0;20511
s01;2;120;1;1;1;1;23242
s01;2;120;1;0;0;0;26491
s01;2;120;1;1;1;1;29307
s01;2;120;1;0;0;0;33206
s01;2;120;1;1;1;1;35222
s01;2;120;1;0;0;0;37671
s01;2;120;1;1;1;1;39887
s01;2;120;1;1;0;0;43085
s01;2;120;1;1;1;1;45334
s01;2;120;1;0;0;0;48217
s01;2;120;1;1;1;1;50099
s01;2;120;1;0;1;0;53748
s01;2;120;1;1;1;1;55714
s01;2;120;1;0;0;0;57946
s01;2;120;1;1;1;1;60045
s01;2;120;1;0;0;0;63277
s01;2;120;1;1;1;1;65693
s01;2;120;1;1;0;1;69475
s01;2;120;1;1;1;1;72308
s01;2;120;1;0;0;0;74689
s01;2;120;1;1;1;1;76973
s01;2;120;1;1;0;0;79288
s01;2;120;1;1;1;1;82087
s01;2;120;1;1;1;0;85836
s01;2;120;1;1;1;1;88035
s01;2;120;1;0;1;1;90501
s01;2;120;1;1;1;1;92316
s01;2;120;1;0;0;0;96032
s01;2;120;1;1;1;1;98214
s01;2;120;1;1;0;0;100264
s01;2;120;1;1;1;1;103062
s01;2;120;1;1;0;0;105328
s01;2;120;1;1;1;1;106861
s01;2;120;1;1;1;0;110093
s01;2;120;1;1;1;1;112225
s01;2;120;1;0;0;0;114724
s01;2;120;1;1;1;1;117424
s02;1;20;0;1;1;1;0
s02;1;20;0;0;0;0;2045
s02;1;20;0;1;1;1;4098
s02;1;20;0;0;0;0;8043
s02;1;20;0;1;1;1;10135
s02;1;20;0;0;1;1;13762
s02;1;20;0;1;1;1;15386
s02;1;20;0;0;1;0;17679
s02;1;20;0;1;1;1;19385
s02;2;20;1;1;1;1;0
s02;2;20;1;0;1;1;2148
s02;2;20;1;1;1;1;3707
s02;2;20;1;1;0;0;5800
s02;2;20;1;1;1;1;7865
s02;2;20;1;1;0;1;11638
s02;2;20;1;1;1;1;14489
s02;2;20;1;0;0;0;18234
s02;2;20;1;1;1;1;19807
s02;3;120;0;1;1;1;0
s02;3;120;0;0;0;1;2432
s02;3;120;0;1;1;1;4548
s02;3;120;0;0;0;0;8213
s02;3;120;0;1;1;1;9962
s02;3;120;0;1;1;0;13828
s02;3;120;0;1;1;1;15444
s02;3;120;0;0;1;0;18960
s02;3;120;0;1;1;1;20558
s02;3;120;0;0;0;0;24541
s02;3;120;0;1;1;1;27505
s02;3;120;0;0;0;0;30372
s02;3;120;0;1;1;1;32788
s02;3;120;0;0;0;0;36319
s02;3;120;0;1;1;1;38218
s02;3;120;0;1;0;1;42201
s02;3;120;0;1;1;1;45066
s02;3;120;0;0;1;1;47815
s02;3;120;0;1;1;1;50097
s02;3;120;0;0;0;0;53879
s02;3;120;0;1;1;1;55612
s02;3;120;0;0;0;0;58710
s02;3;120;0;1;1;1;60976
s02;3;120;0;0;0;0;63992
s02;3;120;0;1;1;1;66840
s02;3;120;0;0;0;1;70606
s02;3;120;0;1;1;1;73471
s02;3;120;0;0;0;0;75754
s02;3;120;0;1;1;1;77704
s02;3;120;0;0;0;1;81418
s02;3;120;0;1;1;1;83151
s02;3;120;0;1;1;0;86650
s02;3;120;0;1;1;1;88150
s02;3;120;0;0;0;0;91981
s02;3;120;0;1;1;1;94114
s02;3;120;0;0;0;0;96280
s02;3;120;0;1;1;1;97863
s02;3;120;0;0;1;0;100628
s02;3;120;0;1;1;1;103245
s02;3;120;0;0;0;1;106976
s02;3;120;0;1;1;1;109558
s02;3;120;0;1;0;1;112257
s02;3;120;0;1;1;1;114773
s02;3;120;0;0;0;0;116888
s02;3;120;0;1;1;1;119154
s02;4;120;1;1;1;1;0
s02;4;120;1;0;1;0;2450
s02;4;120;1;1;1;1;5115
s02;4;120;1;0;0;0;8748
s02;4;120;1;1;1;1;11430
s02;4;120;1;0;0;0;15312
s02;4;120;1;1;1;1;17844
s02;4;120;1;0;0;0;21543
s02;4;120;1;1;1;1;23858
s02;4;120;1;0;1;1;27441
s02;4;120;1;1;1;1;29008
s02;4;120;1;0;0;0;32405
s02;4;120;1;1;1;1;35070
s02;4;120;1;1;0;1;38236
s02;4;120;1;1;1;1;40285
s02;4;120;1;1;0;0;43834
s02;4;120;1;1;1;1;45717
s02;4;120;1;1;1;0;48350
s02;4;120;1;1;1;1;50882
s02;4;120;1;0;0;0;54397
s02;4;120;1;1;1;1;56529
s02;4;120;1;0;0;0;60295
s02;4;120;1;1;1;1;63077
s02;4;120;1;1;1;0;65826
s02;4;120;1;1;1;1;68558
s02;4;120;1;0;0;0;72490
s02;4;120;1;1;1;1;74690
s02;4;120;1;0;0;0;77439
s02;4;120;1;1;1;1;79354
s02;4;120;1;0;0;1;82720
s02;4;120;1;1;1;1;84719
s02;4;120;1;0;1;0;87084
s02;4;120;1;1;1;1;89783
s02;4;120;1;0;0;0;91816
s02;4;120;1;1;1;1;94565
s02;4;120;1;0;0;1;97398
s02;4;120;1;1;1;1;99829
s02;4;120;1;0;0;0;101929
s02;4;120;1;1;1;1;104161
s02;4;120;1;0;0;1;106627
s02;4;120;1;1;1;1;108576
s02;4;120;1;0;0;0;112142
s02;4;120;1;1;1;1;113641
s02;4;120;1;1;1;0;117539
s02;4;120;1;1;1;1;119389
s03;1;120;0;1;1;1;0
s03;1;120;0;0;0;1;2998
s03;1;120;0;1;1;1;5444
s03;1;120;0;0;0;0;7868
s03;1;120;0;1;1;1;9609
s03;1;120;0;0;0;0;11632
s03;1;120;0;1;1;1;14091
s03;1;120;0;0;0;0;16903
s03;1;120;0;1;1;1;19632
s03;1;120;0;0;0;0;22714
s03;1;120;0;1;1;1;24549
s03;1;120;0;1;0;0;27773
s03;1;120;0;1;1;1;30361
s03;1;120;0;1;1;0;32702
s03;1;120;0;1;1;1;34867
s03;1;120;0;0;1;1;37243
s03;1;120;0;1;1;1;39808
s03;1;120;0;0;0;0;43208
s03;1;120;0;1;1;1;45455
s03;1;120;0;0;0;0;47501
s03;1;120;0;1;1;1;49042
s03;1;120;0;0;0;0;52760
s03;1;120;0;1;1;1;54760
s03;1;120;0;0;0;1;58301
s03;1;120;0;1;1;1;60254
s03;1;120;0;1;1;0;62525
s03;1;120;0;1;1;1;65054
s03;1;120;0;0;0;0;67889
s03;1;120;0;1;1;1;69901
s03;1;120;0;1;0;0;73277
s03;1;120;0;1;1;1;75289
s03;1;120;0;1;0;1;78265
s03;1;120;0;1;1;1;80195
s03;1;120;0;0;0;0;82888
s03;1;120;0;1;1;1;85347
s03;1;120;0;0;0;0;88194
s03;1;120;0;1;1;1;91005
s03;1;120;0;1;1;0;93994
s03;1;120;0;1;1;1;96511
s03;1;120;0;1;0;1;99382
s03;1;120;0;1;1;1;102112
s03;1;120;0;0;0;0;106052
s03;1;120;0;1;1;1;108676
s03;1;120;0;0;0;0;112264
s03;1;120;0;1;1;1;114241
s03;1;120;0;0;1;0;117735
s03;2;120;1;1;1;1;0
s03;2;120;1;0;0;0;3690
s03;2;120;1;1;1;1;6489
s03;2;120;1;0;0;0;10396
s03;2;120;1;1;1;1;12736
s03;2;120;1;1;0;1;16536
s03;2;120;1;1;1;1;18254
s03;2;120;1;0;1;1;20960
s03;2;120;1;1;1;1;22595
s03;2;120;1;0;0;0;25324
s03;2;120;1;1;1;1;27089
s03;2;120;1;0;0;1;31066
s03;2;120;1;1;1;1;33430
s03;2;120;1;0;1;0;35794
s03;2;120;1;1;1;1;38065
s03;2;120;1;0;0;0;41124
s03;2;120;1;1;1;1;42829
s03;2;120;1;0;0;0;45453
s03;2;120;1;1;1;1;47782
s03;2;120;1;0;0;0;50123
s03;2;120;1;1;1;1;52276
s03;2;120;1;1;0;1;54323
s03;2;120;1;1;1;1;56713
s03;2;120;1;0;0;0;58829
s03;2;120;1;1;1;1;60429
s03;2;120;1;0;0;0;62817
s03;2;120;1;1;1;1;64405
s03;2;120;1;0;0;1;67040
s03;2;120;1;1;1;1;68840
s03;2;120;1;0;1;0;71688
s03;2;120;1;1;1;1;73275
s03;2;120;1;1;1;0;75511
s03;2;120;1;1;1;1;77393
s03;2;120;1;1;0;0;81217
s03;2;120;1;1;1;1;83440
s03;2;120;1;0;0;1;87087
s03;2;120;1;1;1;1;89346
s03;2;120;1;0;0;0;92204
s03;2;120;1;1;1;1;94016
s03;2;120;1;0;0;0;97875
s03;2;120;1;1;1;1;100251
s03;2;120;1;0;0;0;104109
s03;2;120;1;1;1;1;106016
s03;2;120;1;0;1;1;109604
s03;2;120;1;1;1;1;111580
s03;2;120;1;0;1;1;113991
s03;2;120;1;1;1;1;116522
s03;2;120;1;0;0;0;119697
s04;1;120;0;1;1;1;0
s04;1;120;0;0;0;0;2606
s04;1;120;0;1;1;1;4265
s04;1;120;0;0;0;1;7053
s04;1;120;0;1;1;1;9335
s04;1;120;0;1;1;0;12335
s04;1;120;0;1;1;1;14359
s04;1;120;0;0;0;1;17571
s04;1;120;0;1;1;1;20299
s04;1;120;0;0;0;0;22359
s04;1;120;0;1;1;1;24005
s04;1;120;0;0;0;0;26264
s04;1;120;0;1;1;1;28252
s04;1;120;0;1;0;1;32229
s04;1;120;0;1;1;1;34793
s04;1;120;0;0;0;0;38252
s04;1;120;0;1;1;1;40311
s04;1;120;0;0;0;0;43029
s04;1;120;0;1;1;1;45829
s04;1;120;0;0;1;0;49428
s04;1;120;0;1;1;1;52039
s04;1;120;0;0;0;0;54734
s04;1;120;0;1;1;1;56699
s04;1;120;0;0;0;0;58911
s04;1;120;0;1;1;1;61404
s04;1;120;0;1;1;0;65098
s04;1;120;0;1;1;1;67639
s04;1;120;0;1;0;0;69769
s04;1;120;0;1;1;1;72038
s04;1;120;0;0;1;1;74250
s04;1;120;0;1;1;1;76286
s04;1;120;0;0;0;0;78803
s04;1;120;0;1;1;1;81392
s04;1;120;0;0;0;0;83497
s04;1;120;0;1;1;1;85332
s04;1;120;0;1;0;0;89015
s04;1;120;0;1;1;1;91827
s04;1;120;0;1;1;0;93980
s04;1;120;0;1;1;1;96085
s04;1;120;0;0;0;0;98097
s04;1;120;0;1;1;1;100662
s04;1;120;0;1;1;0;103261
s04;1;120;0;1;1;1;105144
s04;1;120;0;0;0;0;108837
s04;1;120;0;1;1;1;110744
s04;1;120;0;0;0;0;113592
s04;1;120;0;1;1;1;115296
s04;1;120;0;0;1;0;117779
s04;2;120;1;1;1;1;0
s04;2;120;1;0;0;0;2938
s04;2;120;1;1;1;1;5620
s04;2;120;1;1;1;0;8714
s04;2;120;1;1;1;1;10749
s04;2;120;1;1;0;0;13055
s04;2;120;1;1;1;1;14690
s04;2;120;1;1;0;1;17067
s04;2;120;1;1;1;1;19714
s04;2;120;1;0;0;0;23066
s04;2;120;1;1;1;1;25607
s04;2;120;1;0;0;0;28420
s04;2;120;1;1;1;1;31043
s04;2;120;1;0;0;0;34337
s04;2;120;1;1;1;1;37254
s04;2;120;1;0;1;0;40960
s04;2;120;1;1;1;1;42572
s04;2;120;1;0;1;1;45666
s04;2;120;1;1;1;1;48419
s04;2;120;1;1;0;1;51548
s04;2;120;1;1;1;1;53948
s04;2;120;1;0;0;0;57359
s04;2;120;1;1;1;1;60042
s04;2;120;1;0;0;1;62347
s04;2;120;1;1;1;1;64289
s04;2;120;1;0;0;0;68124
s04;2;120;1;1;1;1;70312
s04;2;120;1;0;0;0;72830
s04;2;120;1;1;1;1;75064
s04;2;120;1;0;0;0;77653
s04;2;120;1;1;1;1;80276
s04;2;120;1;0;1;0;83476
s04;2;120;1;1;1;1;85558
s04;2;120;1;1;0;0;89253
s04;2;120;1;1;1;1;91253
s04;2;120;1;0;0;0;94240
s04;2;120;1;1;1;1;96240
s04;2;120;1;0;0;0;98290
s04;2;120;1;1;1;1;101052
s04;2;120;1;1;0;0;103923
s04;2;120;1;1;1;1;106346
s04;2;120;1;0;0;0;109369
s04;2;120;1;1;1;1;112040
s04;2;120;1;1;1;0;115098
s04;2;120;1;1;1;1;117157
s05;1;120;0;1;1;1;0
s05;1;120;0;0;0;0;2611
s05;1;120;0;1;1;1;5377
s05;1;120;0;1;0;0;8558
s05;1;120;0;1;1;1;10941
s05;1;120;0;1;1;0;14123
s05;1;120;0;1;1;1;16522
s05;1;120;0;1;1;0;20321
s05;1;120;0;1;1;1;22387
s05;1;120;0;0;0;0;25502
s05;1;120;0;1;1;1;27252
s05;1;120;0;0;0;0;29434
s05;1;120;0;1;1;1;31384
s05;1;120;0;0;0;0;34699
s05;1;120;0;1;1;1;36198
s05;1;120;0;0;1;0;38331
s05;1;120;0;1;1;1;40080
s05;1;120;0;1;0;0;42180
s05;1;120;0;1;1;1;44328
s05;1;120;0;0;0;0;48244
s05;1;120;0;1;1;1;49809
s05;1;120;0;0;0;0;52242
s05;1;120;0;1;1;1;54258
s05;1;120;0;1;0;0;56374
s05;1;120;0;1;1;1;59023
s05;1;120;0;1;0;1;61855
s05;1;120;0;1;1;1;63821
s05;1;120;0;1;0;1;66770
s05;1;120;0;1;1;1;68852
s05;1;120;0;0;0;0;71885
s05;1;120;0;1;1;1;74117
s05;1;120;0;0;0;0;76433
s05;1;120;0;1;1;1;78315
s05;1;120;0;0;0;1;80599
s05;1;120;0;1;1;1;82848
s05;1;120;0;0;1;1;86680
s05;1;120;0;1;1;1;88195
s05;1;120;0;1;0;0;90361
s05;1;120;0;1;1;1;92028
s05;1;120;0;0;0;0;94177
s05;1;120;0;1;1;1;96641
s05;1;120;0;0;0;0;98891
s05;1;120;0;1;1;1;101091
s05;1;120;0;0;0;0;104723
s05;1;120;0;1;1;1;106938
s05;1;120;0;0;0;0;109504
s05;1;120;0;1;1;1;112220
s05;1;120;0;1;1;0;114518
s05;1;120;0;1;1;1;117468
s05;2;120;1;1;1;1;0
s05;2;120;1;0;1;1;3584
s05;2;120;1;1;1;1;5133
s05;2;120;1;0;0;0;7232
s05;2;120;1;1;1;1;9582
s05;2;120;1;0;0;0;12297
s05;2;120;1;1;1;1;14396
s05;2;120;1;0;0;1;16413
s05;2;120;1;1;1;1;19178
s05;2;120;1;0;0;1;22960
s05;2;120;1;1;1;1;24909
s05;2;120;1;0;0;0;27475
s05;2;120;1;1;1;1;29907
s05;2;120;1;0;0;0;32856
s05;2;120;1;1;1;1;34539
s05;2;120;1;0;1;1;38038
s05;2;120;1;1;1;1;41019
s05;2;120;1;0;0;0;43235
s05;2;120;1;1;1;1;44935
s05;2;120;1;0;0;0;48234
s05;2;120;1;1;1;1;50000
s05;2;120;1;1;0;0;53265
s05;2;120;1;1;1;1;55797
s05;2;120;1;0;0;0;58130
s05;2;120;1;1;1;1;59880
s05;2;120;1;1;1;0;63411
s05;2;120;1;1;1;1;65294
s05;2;120;1;0;0;1;68675
s05;2;120;1;1;1;1;71674
s05;2;120;1;0;0;0;74690
s05;2;120;1;1;1;1;76223
s05;2;120;1;1;0;1;78772
s05;2;120;1;1;1;1;80372
s05;2;120;1;0;0;0;83121
s05;2;120;1;1;1;1;85170
s05;2;120;1;0;0;0;87286
s05;2;120;1;1;1;1;89252
s05;2;120;1;1;0;0;91383
s05;2;120;1;1;1;1;92933
s05;2;120;1;0;1;1;96348
s05;2;120;1;1;1;1;98964
s05;2;120;1;1;0;0;101697
s05;2;120;1;1;1;1;103463
s05;2;120;1;1;0;1;106445
s05;2;120;1;1;1;1;108661
s05;2;120;1;0;0;0;112076
s05;2;120;1;1;1;1;114108
s05;2;120;1;0;0;0;116408
s05;2;120;1;1;1;1;118007
s06;1;120;1;1;1;1;0
s06;1;120;1;0;0;0;2704
s06;1;120;1;1;1;1;5002
s06;1;120;1;1;0;1;8768
s06;1;120;1;1;1;1;10850
s06;1;120;1;0;0;0;13233
s06;1;120;1;1;1;1;15315
s06;1;120;1;0;0;0;17547
s06;1;120;1;1;1;1;20247
s06;1;120;1;0;1;0;22696
s06;1;120;1;1;1;1;25028
s06;1;120;1;0;0;0;27877
s06;1;120;1;1;1;1;30276
s06;1;120;1;1;0;0;33942
s06;1;120;1;1;1;1;36640
s06;1;120;1;1;0;1;40439
s06;1;120;1;1;1;1;42555
s06;1;120;1;0;1;1;46220
s06;1;120;1;1;1;1;48353
s06;1;120;1;0;0;0;51135
s06;1;120;1;1;1;1;53018
s06;1;120;1;0;1;0;56633
s06;1;120;1;1;1;1;58849
s06;1;120;1;0;0;0;62014
s06;1;120;1;1;1;1;64414
s06;1;120;1;0;0;0;67812
s06;1;120;1;1;1;1;70578
s06;1;120;1;0;1;0;72744
s06;1;120;1;1;1;1;74509
s06;1;120;1;0;1;1;76508
s06;1;120;1;1;1;1;78108
s06;1;120;1;0;0;0;81340
s06;1;120;1;1;1;1;83523
s06;1;120;1;0;1;1;85822
s06;1;120;1;1;1;1;87504
s06;1;120;1;0;1;1;90336
s06;1;120;1;1;1;1;92953
s06;1;120;1;0;0;0;96035
s06;1;120;1;1;1;1;98400
s06;1;120;1;0;0;1;101016
s06;1;120;1;1;1;1;103999
s06;1;120;1;0;0;0;106748
s06;1;120;1;1;1;1;109663
s06;1;120;1;0;0;0;113228
s06;1;120;1;1;1;1;115927
s06;1;120;1;0;0;0;119809
s06;2;120;0;1;1;1;0
s06;2;120;0;0;1;0;2741
s06;2;120;0;1;1;1;4340
s06;2;120;0;0;0;0;7089
s06;2;120;0;1;1;1;9471
s06;2;120;0;1;0;1;12887
s06;2;120;0;1;1;1;14620
s06;2;120;0;0;0;0;18001
s06;2;120;0;1;1;1;20750
s06;2;120;0;0;0;0;23367
s06;2;120;0;1;1;1;26149
s06;2;120;0;0;0;0;28797
s06;2;120;0;1;1;1;31296
s06;2;120;0;1;0;1;33313
s06;2;120;0;1;1;1;35445
s06;2;120;0;0;0;1;38661
s06;2;120;0;1;1;1;40593
s06;2;120;0;1;0;0;42642
s06;2;120;0;1;1;1;45441
s06;2;120;0;0;0;0;48790
s06;2;120;0;1;1;1;51139
s06;2;120;0;0;0;1;54605
s06;2;120;0;1;1;1;56654
s06;2;120;0;0;0;0;59719
s06;2;120;0;1;1;1;62369
s06;2;120;0;0;1;1;66100
s06;2;120;0;1;1;1;67700
s06;2;120;0;0;0;0;70449
s06;2;120;0;1;1;1;72448
s06;2;120;0;0;0;0;74647
s06;2;120;0;1;1;1;76530
s06;2;120;0;1;1;0;78696
s06;2;120;0;1;1;1;81461
s06;2;120;0;0;0;0;85393
s06;2;120;0;1;1;1;87492
s06;2;120;0;0;0;1;90007
s06;2;120;0;1;1;1;92940
s06;2;120;0;0;1;1;95656
s06;2;120;0;1;1;1;98405
s06;2;120;0;0;1;0;102136
s06;2;120;0;1;1;1;105052
s06;2;120;0;0;0;0;108467
s06;2;120;0;1;1;1;111033
s06;2;120;0;0;0;0;113449
s06;2;120;0;1;1;1;115298
s06;2;120;0;0;1;1;118913
s07;1;120;0;1;1;1;0
s07;1;120;0;0;0;0;3329
s07;1;120;0;1;1;1;5511
s07;1;120;0;0;0;0;8127
s07;1;120;0;1;1;1;10910
s07;1;120;0;0;0;0;14058
s07;1;120;0;1;1;1;15841
s07;1;120;0;0;0;0;19323
s07;1;120;0;1;1;1;20856
s07;1;120;0;0;1;1;24688
s07;1;120;0;1;1;1;26420
s07;1;120;0;1;1;0;28553
s07;1;120;0;1;1;1;30718
s07;1;120;0;0;1;0;34300
s07;1;120;0;1;1;1;36450
s07;1;120;0;1;0;0;38899
s07;1;120;0;1;1;1;41764
s07;1;120;0;0;0;1;44813
s07;1;120;0;1;1;1;47312
s07;1;120;0;1;1;0;50162
s07;1;120;0;1;1;1;52411
s07;1;120;0;0;0;0;56009
s07;1;120;0;1;1;1;58108
s07;1;120;0;0;0;1;61491
s07;1;120;0;1;1;1;63589
s07;1;120;0;0;0;0;67105
s07;1;120;0;1;1;1;69538
s07;1;120;0;0;0;0;72669
s07;1;120;0;1;1;1;75570
s07;1;120;0;0;0;0;79183
s07;1;120;0;1;1;1;81599
s07;1;120;0;1;1;0;84381
s07;1;120;0;1;1;1;86531
s07;1;120;0;0;0;0;89030
s07;1;120;0;1;1;1;91312
s07;1;120;0;0;0;0;93612
s07;1;120;0;1;1;1;95361
s07;1;120;0;1;0;0;98700
s07;1;120;0;1;1;1;100992
s07;1;120;0;0;1;1;104557
s07;1;120;0;1;1;1;107000
s07;1;120;0;0;0;0;109055
s07;1;120;0;1;1;1;111655
s07;1;120;0;0;0;1;115487
s07;1;120;0;1;1;1;117286
s07;2;120;1;1;1;1;0
s07;2;120;1;0;1;0;3656
s07;2;120;1;1;1;1;6410
s07;2;120;1;0;0;0;10019
s07;2;120;1;1;1;1;12036
s07;2;120;1;0;0;1;14768
s07;2;120;1;1;1;1;17001
s07;2;120;1;1;1;0;19766
s07;2;120;1;1;1;1;21490
s07;2;120;1;0;0;0;24014
s07;2;120;1;1;1;1;26131
s07;2;120;1;0;0;0;29213
s07;2;120;1;1;1;1;32099
s07;2;120;1;1;0;1;35011
s07;2;120;1;1;1;1;37426
s07;2;120;1;0;0;0;40908
s07;2;120;1;1;1;1;43190
s07;2;120;1;0;0;0;45707
s07;2;120;1;1;1;1;48705
s07;2;120;1;0;0;1;51803
s07;2;120;1;1;1;1;54653
s07;2;120;1;0;1;1;56919
s07;2;120;1;1;1;1;58635
s07;2;120;1;0;1;0;60734
s07;2;120;1;1;1;1;63550
s07;2;120;1;1;1;0;65615
s07;2;120;1;1;1;1;67281
s07;2;120;1;0;0;0;69647
s07;2;120;1;1;1;1;72397
s07;2;120;1;0;0;0;76061
s07;2;120;1;1;1;1;77827
s07;2;120;1;0;0;0;79893
s07;2;120;1;1;1;1;81543
s07;2;120;1;0;0;0;85508
s07;2;120;1;1;1;1;87124
s07;2;120;1;1;1;0;89989
s07;2;120;1;1;1;1;92372
s07;2;120;1;0;0;0;94838
s07;2;120;1;1;1;1;97469
s07;2;120;1;0;0;0;100286
s07;2;120;1;1;1;1;102018
s07;2;120;1;1;1;0;104700
s07;2;120;1;1;1;1;107583
s07;2;120;1;0;0;0;110115
s07;2;120;1;1;1;1;112514
s07;2;120;1;0;1;0;114513
s07;2;120;1;1;1;1;116429
s07;2;120;1;0;1;0;119594
s08;1;120;1;1;1;1;0
s08;1;120;1;0;1;0;3616
s08;1;120;1;1;1;1;5532
s08;1;120;1;0;0;0;8181
s08;1;120;1;1;1;1;10580
s08;1;120;1;1;0;1;13196
s08;1;120;1;1;1;1;15462
s08;1;120;1;1;0;1;19210
s08;1;120;1;1;1;1;21526
s08;1;120;1;0;0;0;23808
s08;1;120;1;1;1;1;26140
s08;1;120;1;0;0;0;30056
s08;1;120;1;1;1;1;32372
s08;1;120;1;0;1;0;35654
s08;1;120;1;1;1;1;37503
s08;1;120;1;0;0;0;40869
s08;1;120;1;1;1;1;43384
s08;1;120;1;0;1;1;46066
s08;1;120;1;1;1;1;48583
s08;1;120;1;0;0;0;52081
s08;1;120;1;1;1;1;54296
s08;1;120;1;1;0;1;57662
s08;1;120;1;1;1;1;60228
s08;1;120;1;0;0;0;62860
s08;1;120;1;1;1;1;64960
s08;1;120;1;0;0;1;67825
s08;1;120;1;1;1;1;69891
s08;1;120;1;0;1;0;72457
s08;1;120;1;1;1;1;74822
s08;1;120;1;0;0;0;77205
s08;1;120;1;1;1;1;79587
s08;1;120;1;0;0;0;81936
s08;1;120;1;1;1;1;84568
s08;1;120;1;0;0;0;87201
s08;1;120;1;1;1;1;88751
s08;1;120;1;0;0;0;91566
s08;1;120;1;1;1;1;93398
s08;1;120;1;0;0;0;95847
s08;1;120;1;1;1;1;97497
s08;1;120;1;1;0;1;101463
s08;1;120;1;1;1;1;103911
s08;1;120;1;0;1;1;107360
s08;1;120;1;1;1;1;109892
s08;1;120;1;0;1;0;113024
s08;1;120;1;1;1;1;115874
s08;1;120;1;0;0;0;118389
s08;2;120;0;1;1;1;0
s08;2;120;0;1;0;0;3642
s08;2;120;0;1;1;1;6424
s08;2;120;0;1;1;0;8890
s08;2;120;0;1;1;1;11705
s08;2;120;0;0;0;0;15470
s08;2;120;0;1;1;1;18219
s08;2;120;0;1;0;1;21218
s08;2;120;0;1;1;1;22801
s08;2;120;0;0;0;1;25949
s08;2;120;0;1;1;1;28932
s08;2;120;0;0;0;0;32797
s08;2;120;0;1;1;1;35796
s08;2;120;0;0;0;0;38411
s08;2;120;0;1;1;1;40144
s08;2;120;0;0;0;0;42694
s08;2;120;0;1;1;1;44643
s08;2;120;0;0;0;0;47942
s08;2;120;0;1;1;1;50441
s08;2;120;0;1;1;0;53756
s08;2;120;0;1;1;1;56221
s08;2;120;0;0;0;0;58387
s08;2;120;0;1;1;1;61186
s08;2;120;0;1;1;0;64635
s08;2;120;0;1;1;1;67384
s08;2;120;0;0;0;0;70183
s08;2;120;0;1;1;1;72032
s08;2;120;0;0;1;0;75964
s08;2;120;0;1;1;1;77880
s08;2;120;0;0;1;0;80295
s08;2;120;0;1;1;1;82262
s08;2;120;0;0;0;0;84594
s08;2;120;0;1;1;1;86110
s08;2;120;0;0;0;0;89392
s08;2;120;0;1;1;1;92008
s08;2;120;0;0;0;0;95190
s08;2;120;0;1;1;1;98056
s08;2;120;0;0;1;0;101870
s08;2;120;0;1;1;1;104603
s08;2;120;0;0;1;1;107935
s08;2;120;0;1;1;1;110351
s08;2;120;0;1;0;0;114249
s08;2;120;0;1;1;1;116415
s09;1;120;0;1;1;1;0
s09;1;120;0;0;0;0;2310
s09;1;120;0;1;1;1;5209
s09;1;120;0;0;0;0;7692
s09;1;120;0;1;1;1;10341
s09;1;120;0;1;0;0;13823
s09;1;120;0;1;1;1;16122
s09;1;120;0;1;1;0;19004
s09;1;120;0;1;1;1;20920
s09;1;120;0;0;1;0;23869
s09;1;120;0;1;1;1;26552
s09;1;120;0;0;0;0;29816
s09;1;120;0;1;1;1;32499
s09;1;120;0;0;0;0;35198
s09;1;120;0;1;1;1;37064
s09;1;120;0;1;0;1;40680
s09;1;120;0;1;1;1;42629
s09;1;120;0;0;0;0;45211
s09;1;120;0;1;1;1;47860
s09;1;120;0;0;1;1;51709
s09;1;120;0;1;1;1;53558
s09;1;120;0;0;0;0;57356
s09;1;120;0;1;1;1;59839
s09;1;120;0;0;0;0;61854
s09;1;120;0;1;1;1;64603
s09;1;120;0;0;1;1;66619
s09;1;120;0;1;1;1;69469
s09;1;120;0;1;0;0;72584
s09;1;120;0;1;1;1;75550
s09;1;120;0;0;0;1;79398
s09;1;120;0;1;1;1;81997
s09;1;120;0;0;0;0;84513
s09;1;120;0;1;1;1;87278
s09;1;120;0;0;0;0;89411
s09;1;120;0;1;1;1;91427
s09;1;120;0;1;1;0;94676
s09;1;120;0;1;1;1;97574
s09;1;120;0;0;1;0;99840
s09;1;120;0;1;1;1;102506
s09;1;120;0;0;1;1;106338
s09;1;120;0;1;1;1;108504
s09;1;120;0;0;0;0;110586
s09;1;120;0;1;1;1;112202
s09;1;120;0;0;0;0;115817
s09;1;120;0;1;1;1;117601
s09;1;120;0;1;0;0;119833
s09;2;120;1;1;1;1;0
s09;2;120;1;1;1;0;3527
s09;2;120;1;1;1;1;5792
s09;2;120;1;0;0;0;8791
s09;2;120;1;1;1;1;11090
s09;2;120;1;1;1;0;13273
s09;2;120;1;1;1;1;15239
s09;2;120;1;0;0;0;19170
s09;2;120;1;1;1;1;22153
s09;2;120;1;0;0;0;25319
s09;2;120;1;1;1;1;27167
s09;2;120;1;0;1;0;30583
s09;2;120;1;1;1;1;32382
s09;2;120;1;0;1;0;35331
s09;2;120;1;1;1;1;37180
s09;2;120;1;0;0;0;39980
s09;2;120;1;1;1;1;41812
s09;2;120;1;0;0;1;44528
s09;2;120;1;1;1;1;46543
s09;2;120;1;0;0;0;50292
s09;2;120;1;1;1;1;52142
s09;2;120;1;1;0;0;54807
s09;2;120;1;1;1;1;56906
s09;2;120;1;0;0;0;60505
s09;2;120;1;1;1;1;62421
s09;2;120;1;0;0;0;65804
s09;2;120;1;1;1;1;67885
s09;2;120;1;1;0;1;70651
s09;2;120;1;1;1;1;73650
s09;2;120;1;1;0;1;76499
s09;2;120;1;1;1;1;78398
s09;2;120;1;0;0;0;81597
s09;2;120;1;1;1;1;84096
s09;2;120;1;0;0;0;87612
s09;2;120;1;1;1;1;89611
s09;2;120;1;0;0;0;93126
s09;2;120;1;1;1;1;94675
s09;2;120;1;0;0;0;97990
s09;2;120;1;1;1;1;100556
s09;2;120;1;0;0;1;103906
s09;2;120;1;1;1;1;105787
s09;2;120;1;0;1;0;108270
s09;2;120;1;1;1;1;110802
s09;2;120;1;0;0;0;113518
s09;2;120;1;1;1;1;116151
s09;2;120;1;1;0;1;118282
s10;1;120;0;1;1;1;0
s10;1;120;0;0;1;1;3153
s10;1;120;0;1;1;1;5552
s10;1;120;0;0;0;1;8018
s10;1;120;0;1;1;1;10051
s10;1;120;0;0;0;0;13699
s10;1;120;0;1;1;1;15333
s10;1;120;0;1;0;1;19197
s10;1;120;0;1;1;1;21296
s10;1;120;0;0;0;0;25145
s10;1;120;0;1;1;1;26645
s10;1;120;0;0;1;0;29343
s10;1;120;0;1;1;1;31476
s10;1;120;0;0;0;0;34741
s10;1;120;0;1;1;1;36474
s10;1;120;0;0;0;0;40256
s10;1;120;0;1;1;1;42722
s10;1;120;0;0;1;1;45420
s10;1;120;0;1;1;1;47003
s10;1;120;0;0;1;0;50269
s10;1;120;0;1;1;1;53117
s10;1;120;0;0;0;1;55883
s10;1;120;0;1;1;1;57666
s10;1;120;0;0;0;0;61481
s10;1;120;0;1;1;1;63481
s10;1;120;0;0;1;1;67129
s10;1;120;0;1;1;1;68878
s10;1;120;0;0;0;0;72344
s10;1;120;0;1;1;1;75126
s10;1;120;0;0;0;0;78658
s10;1;120;0;1;1;1;81440
s10;1;120;0;0;0;0;85372
s10;1;120;0;1;1;1;87221
s10;1;120;0;0;1;1;90070
s10;1;120;0;1;1;1;92169
s10;1;120;0;0;0;0;95168
s10;1;120;0;1;1;1;96734
s10;1;120;0;1;0;1;99984
s10;1;120;0;1;1;1;102549
s10;1;120;0;0;0;0;105231
s10;1;120;0;1;1;1;107363
s10;1;120;0;0;0;0;111229
s10;1;120;0;1;1;1;114161
s10;1;120;0;0;1;0;116493
s10;1;120;0;1;1;1;118376
s10;2;120;1;1;1;1;0
s10;2;120;1;0;0;0;3535
s10;2;120;1;1;1;1;5251
s10;2;120;1;0;0;0;7600
s10;2;120;1;1;1;1;10382
s10;2;120;1;1;0;1;13215
s10;2;120;1;1;1;1;15264
s10;2;120;1;0;1;0;17963
s10;2;120;1;1;1;1;19929
s10;2;120;1;0;1;1;23161
s10;2;120;1;1;1;1;25843
s10;2;120;1;0;0;0;28858
s10;2;120;1;1;1;1;31208
s10;2;120;1;0;0;0;33424
s10;2;120;1;1;1;1;36273
s10;2;120;1;0;0;1;38922
s10;2;120;1;1;1;1;41304
s10;2;120;1;1;1;0;45152
s10;2;120;1;1;1;1;46985
s10;2;120;1;1;0;0;50001
s10;2;120;1;1;1;1;52333
s10;2;120;1;0;0;0;55082
s10;2;120;1;1;1;1;57815
s10;2;120;1;0;0;0;60014
s10;2;120;1;1;1;1;62480
s10;2;120;1;0;0;0;65978
s10;2;120;1;1;1;1;67693
s10;2;120;1;0;0;0;71509
s10;2;120;1;1;1;1;73508
s10;2;120;1;1;0;1;76807
s10;2;120;1;1;1;1;79706
s10;2;120;1;0;1;0;82071
s10;2;120;1;1;1;1;83888
s10;2;120;1;0;0;0;87853
s10;2;120;1;1;1;1;90685
s10;2;120;1;1;0;0;93667
s10;2;120;1;1;1;1;95633
s10;2;120;1;0;0;0;98782
s10;2;120;1;1;1;1;100565
s10;2;120;1;0;0;0;104014
s10;2;120;1;1;1;1;106929
s10;2;120;1;1;0;1;110395
s10;2;120;1;1;1;1;112594
s10;2;120;1;0;0;0;115976
s10;2;120;1;1;1;1;117642
s11;1;120;1;1;1;1;0
s11;1;120;1;0;1;1;3462
s11;1;120;1;1;1;1;5995
s11;1;120;1;0;0;0;9060
s11;1;120;1;1;1;1;11176
s11;1;120;1;0;0;0;14025
s11;1;120;1;1;1;1;15908
s11;1;120;1;0;1;0;18790
s11;1;120;1;1;1;1;20556
s11;1;120;1;0;1;1;24221
s11;1;120;1;1;1;1;26537
s11;1;120;1;0;0;0;30402
s11;1;120;1;1;1;1;32701
s11;1;120;1;0;1;0;35034
s11;1;120;1;1;1;1;37983
s11;1;120;1;0;0;0;40398
s11;1;120;1;1;1;1;43347
s11;1;120;1;0;0;0;47113
s11;1;120;1;1;1;1;49495
s11;1;120;1;0;1;0;51828
s11;1;120;1;1;1;1;53376
s11;1;120;1;0;0;0;57258
s11;1;120;1;1;1;1;59891
s11;1;120;1;0;0;0;62907
s11;1;120;1;1;1;1;65005
s11;1;120;1;1;0;1;67355
s11;1;120;1;1;1;1;70253
s11;1;120;1;1;0;1;73986
s11;1;120;1;1;1;1;75735
s11;1;120;1;0;0;0;78217
s11;1;120;1;1;1;1;80766
s11;1;120;1;1;0;0;83432
s11;1;120;1;1;1;1;84964
s11;1;120;1;1;1;0;87947
s11;1;120;1;1;1;1;90613
s11;1;120;1;0;0;0;94578
s11;1;120;1;1;1;1;97060
s11;1;120;1;0;0;0;100342
s11;1;120;1;1;1;1;102242
s11;1;120;1;0;1;1;105574
s11;1;120;1;1;1;1;107190
s11;1;120;1;0;1;0;110971
s11;1;120;1;1;1;1;113287
s11;1;120;1;0;0;0;116036
s11;1;120;1;1;1;1;117552
s11;2;120;0;1;1;1;0
s11;2;120;0;0;0;0;2114
s11;2;120;0;1;1;1;3880
s11;2;120;0;1;0;0;6096
s11;2;120;0;1;1;1;7662
s11;2;120;0;0;0;0;10328
s11;2;120;0;1;1;1;12443
s11;2;120;0;0;0;0;14559
s11;2;120;0;1;1;1;16075
s11;2;120;0;1;1;0;19224
s11;2;120;0;1;1;1;21106
s11;2;120;0;0;0;0;23756
s11;2;120;0;1;1;1;26722
s11;2;120;0;1;0;1;29670
s11;2;120;0;1;1;1;31236
s11;2;120;0;0;1;0;33919
s11;2;120;0;1;1;1;36118
s11;2;120;0;0;1;1;39366
s11;2;120;0;1;1;1;41282
s11;2;120;0;0;1;1;44581
s11;2;120;0;1;1;1;47297
s11;2;120;0;0;0;1;50895
s11;2;120;0;1;1;1;53428
s11;2;120;0;0;1;0;55444
s11;2;120;0;1;1;1;57776
s11;2;120;0;0;0;0;60325
s11;2;120;0;1;1;1;63074
s11;2;120;0;0;0;0;65707
s11;2;120;0;1;1;1;67922
s11;2;120;0;0;0;0;71487
s11;2;120;0;1;1;1;73603
s11;2;120;0;0;0;0;77369
s11;2;120;0;1;1;1;78918
s11;2;120;0;0;0;1;82084
s11;2;120;0;1;1;1;84349
s11;2;120;0;0;0;0;86665
s11;2;120;0;1;1;1;88897
s11;2;120;0;1;0;0;92413
s11;2;120;0;1;1;1;94046
s11;2;120;0;0;0;0;97944
s11;2;120;0;1;1;1;99893
s11;2;120;0;1;0;1;103509
s11;2;120;0;1;1;1;105474
s11;2;120;0;0;0;0;108924
s11;2;120;0;1;1;1;110890
s11;2;120;0;1;1;0;114438
s11;2;120;0;1;1;1;116887
s11;2;120;0;0;0;0;118953
s12;1;120;0;1;1;1;0
s12;1;120;0;0;0;0;2616
s12;1;120;0;1;1;1;4265
s12;1;120;0;1;0;1;6498
s12;1;120;0;1;1;1;8581
s12;1;120;0;1;0;1;10979
s12;1;120;0;1;1;1;13761
s12;1;120;0;1;0;0;17027
s12;1;120;0;1;1;1;19226
s12;1;120;0;0;0;0;21492
s12;1;120;0;1;1;1;23492
s12;1;120;0;0;0;0;26890
s12;1;120;0;1;1;1;28873
s12;1;120;0;1;0;0;32072
s12;1;120;0;1;1;1;34170
s12;1;120;0;0;0;0;36570
s12;1;120;0;1;1;1;39518
s12;1;120;0;0;0;0;43401
s12;1;120;0;1;1;1;45150
s12;1;120;0;0;1;1;47283
s12;1;120;0;1;1;1;49081
s12;1;120;0;0;0;1;52314
s12;1;120;0;1;1;1;53879
s12;1;120;0;0;0;0;56378
s12;1;120;0;1;1;1;58395
s12;1;120;0;0;0;0;62227
s12;1;120;0;1;1;1;64675
s12;1;120;0;0;1;1;66692
s12;1;120;0;1;1;1;68408
s12;1;120;0;0;0;0;72107
s12;1;120;0;1;1;1;73656
s12;1;120;0;0;0;1;77205
s12;1;120;0;1;1;1;78803
s12;1;120;0;0;0;0;82786
s12;1;120;0;1;1;1;85201
s12;1;120;0;0;1;1;88783
s12;1;120;0;1;1;1;91082
s12;1;120;0;0;1;1;93865
s12;1;120;0;1;1;1;95897
s12;1;120;0;0;0;0;98363
s12;1;120;0;1;1;1;101079
s12;1;120;0;0;0;0;103694
s12;1;120;0;1;1;1;105710
s12;1;120;0;1;0;0;108359
s12;1;120;0;1;1;1;111174
s12;1;120;0;0;1;0;114640
s12;1;120;0;1;1;1;116639
s12;2;120;1;1;1;1;0
s12;2;120;1;0;0;0;3591
s12;2;120;1;1;1;1;5157
s12;2;120;1;1;1;0;8372
s12;2;120;1;1;1;1;10005
s12;2;120;1;0;0;0;12871
s12;2;120;1;1;1;1;14820
s12;2;120;1;1;0;0;17485
s12;2;120;1;1;1;1;19202
s12;2;120;1;1;0;0;21867
s12;2;120;1;1;1;1;23899
s12;2;120;1;0;0;0;26699
s12;2;120;1;1;1;1;29614
s12;2;120;1;0;1;1;33013
s12;2;120;1;1;1;1;35245
s12;2;120;1;0;0;0;37728
s12;2;120;1;1;1;1;39777
s12;2;120;1;1;0;0;42642
s12;2;120;1;1;1;1;44959
s12;2;120;1;0;0;1;47591
s12;2;120;1;1;1;1;49356
s12;2;120;1;1;0;1;52122
s12;2;120;1;1;1;1;54521
s12;2;120;1;0;0;0;58453
s12;2;120;1;1;1;1;60636
s12;2;120;1;0;0;0;63385
s12;2;120;1;1;1;1;66150
s12;2;120;1;1;1;0;69566
s12;2;120;1;1;1;1;72165
s12;2;120;1;0;0;0;75597
s12;2;120;1;1;1;1;77496
s12;2;120;1;0;0;0;80045
s12;2;120;1;1;1;1;81578
s12;2;120;1;0;0;0;85077
s12;2;120;1;1;1;1;87959
s12;2;120;1;0;1;1;91407
s12;2;120;1;1;1;1;93990
s12;2;120;1;1;0;1;97139
s12;2;120;1;1;1;1;99038
s12;2;120;1;0;0;0;101520
s12;2;120;1;1;1;1;103269
s12;2;120;1;0;0;0;106669
s12;2;120;1;1;1;1;108751
s12;2;120;1;0;1;0;111000
s12;2;120;1;1;1;1;113182
s12;2;120;1;1;0;0;117048
s12;2;120;1;1;1;1;118830
s13;1;120;1;1;1;1;0
s13;1;120;1;0;0;1;3227
s13;1;120;1;1;1;1;5143
s13;1;120;1;0;0;0;8959
s13;1;120;1;1;1;1;11625
s13;1;120;1;0;0;1;15256
s13;1;120;1;1;1;1;18122
s13;1;120;1;0;0;0;21187
s13;1;120;1;1;1;1;23320
s13;1;120;1;1;1;0;25836
s13;1;120;1;1;1;1;27351
s13;1;120;1;0;0;0;29800
s13;1;120;1;1;1;1;32250
s13;1;120;1;0;0;0;35482
s13;1;120;1;1;1;1;37748
s13;1;120;1;1;0;1;40080
s13;1;120;1;1;1;1;42630
s13;1;120;1;0;0;1;45928
s13;1;120;1;1;1;1;47827
s13;1;120;1;0;1;0;51759
s13;1;120;1;1;1;1;54375
s13;1;120;1;1;0;1;56974
s13;1;120;1;1;1;1;59656
s13;1;120;1;0;0;0;62438
s13;1;120;1;1;1;1;65437
s13;1;120;1;0;0;0;68436
s13;1;120;1;1;1;1;69952
s13;1;120;1;0;0;0;73901
s13;1;120;1;1;1;1;76200
s13;1;120;1;0;1;1;79715
s13;1;120;1;1;1;1;81231
s13;1;120;1;0;0;0;84030
s13;1;120;1;1;1;1;86996
s13;1;120;1;0;0;0;89594
s13;1;120;1;1;1;1;91911
s13;1;120;1;0;0;1;95776
s13;1;120;1;1;1;1;98491
s13;1;120;1;1;0;0;101440
s13;1;120;1;1;1;1;103722
s13;1;120;1;0;0;0;107005
s13;1;120;1;1;1;1;109720
s13;1;120;1;1;0;1;112786
s13;1;120;1;1;1;1;115351
s13;1;120;1;0;1;1;118334
s13;2;120;0;1;1;1;0
s13;2;120;0;0;1;1;3117
s13;2;120;0;1;1;1;5250
s13;2;120;0;0;0;0;8599
s13;2;120;0;1;1;1;10498
s13;2;120;0;0;1;1;13330
s13;2;120;0;1;1;1;15663
s13;2;120;0;0;0;1;18279
s13;2;120;0;1;1;1;20994
s13;2;120;0;0;0;0;24693
s13;2;120;0;1;1;1;27558
s13;2;120;0;0;0;0;30707
s13;2;120;0;1;1;1;33256
s13;2;120;0;0;0;0;35988
s13;2;120;0;1;1;1;38821
s13;2;120;0;1;0;0;41286
s13;2;120;0;1;1;1;43403
s13;2;120;0;0;0;0;46801
s13;2;120;0;1;1;1;49033
s13;2;120;0;0;0;0;52332
s13;2;120;0;1;1;1;54215
s13;2;120;0;0;0;0;56398
s13;2;120;0;1;1;1;58647
s13;2;120;0;0;0;1;62279
s13;2;120;0;1;1;1;65077
s13;2;120;0;1;1;0;67510
s13;2;120;0;1;1;1;69742
s13;2;120;0;0;0;0;72225
s13;2;120;0;1;1;1;74941
s13;2;120;0;1;0;0;78006
s13;2;120;0;1;1;1;81005
s13;2;120;0;1;1;0;83521
s13;2;120;0;1;1;1;85886
s13;2;120;0;1;1;0;87952
s13;2;120;0;1;1;1;89868
s13;2;120;0;0;0;0;93333
s13;2;120;0;1;1;1;96115
s13;2;120;0;0;0;0;99747
s13;2;120;0;1;1;1;101880
s13;2;120;0;0;0;0;105845
s13;2;120;0;1;1;1;108794
s13;2;120;0;1;0;0;110927
s13;2;120;0;1;1;1;113676
s13;2;120;0;0;1;0;115925
s13;2;120;0;1;1;1;118340
s14;1;120;0;1;1;1;0
s14;1;120;0;0;0;0;3457
s14;1;120;0;1;1;1;6157
s14;1;120;0;1;1;0;10088
s14;1;120;0;1;1;1;12420
s14;1;120;0;0;1;1;15603
s14;1;120;0;1;1;1;17236
s14;1;120;0;0;0;0;19702
s14;1;120;0;1;1;1;21951
s14;1;120;0;0;0;0;25616
s14;1;120;0;1;1;1;28332
s14;1;120;0;0;0;0;31513
s14;1;120;0;1;1;1;33879
s14;1;120;0;1;0;0;36711
s14;1;120;0;1;1;1;39293
s14;1;120;0;0;0;1;41376
s14;1;120;0;1;1;1;43559
s14;1;120;0;0;0;0;46824
s14;1;120;0;1;1;1;48740
s14;1;120;0;0;0;0;52489
s14;1;120;0;1;1;1;54571
s14;1;120;0;1;0;0;56670
s14;1;120;0;1;1;1;59569
s14;1;120;0;0;1;0;61802
s14;1;120;0;1;1;1;63934
s14;1;120;0;1;1;0;67400
s14;1;120;0;1;1;1;69566
s14;1;120;0;0;0;0;73198
s14;1;120;0;1;1;1;75997
s14;1;120;0;0;0;0;78345
s14;1;120;0;1;1;1;81078
s14;1;120;0;1;0;1;84494
s14;1;120;0;1;1;1;86659
s14;1;120;0;1;0;0;88942
s14;1;120;0;1;1;1;91090
s14;1;120;0;0;0;0;94240
s14;1;120;0;1;1;1;96905
s14;1;120;0;1;0;1;100420
s14;1;120;0;1;1;1;103120
s14;1;120;0;0;0;0;106152
s14;1;120;0;1;1;1;108234
s14;1;120;0;0;0;1;111933
s14;1;120;0;1;1;1;114482
s14;1;120;0;0;1;1;117031
s14;1;120;0;1;1;1;119596
s14;2;120;1;1;1;1;0
s14;2;120;1;0;0;0;2569
s14;2;120;1;1;1;1;4734
s14;2;120;1;1;0;0;7284
s14;2;120;1;1;1;1;10116
s14;2;120;1;1;0;0;12498
s14;2;120;1;1;1;1;14897
s14;2;120;1;0;0;0;17214
s14;2;120;1;1;1;1;20145
s14;2;120;1;0;0;0;23328
s14;2;120;1;1;1;1;25460
s14;2;120;1;0;1;1;27793
s14;2;120;1;1;1;1;30408
s14;2;120;1;0;1;1;34141
s14;2;120;1;1;1;1;36022
s14;2;120;1;0;0;0;38356
s14;2;120;1;1;1;1;41121
s14;2;120;1;0;0;0;43686
s14;2;120;1;1;1;1;45486
s14;2;120;1;1;1;0;48218
s14;2;120;1;1;1;1;50667
s14;2;120;1;1;0;0;53999
s14;2;120;1;1;1;1;56332
s14;2;120;1;0;0;0;59247
s14;2;120;1;1;1;1;61014
s14;2;120;1;0;0;0;64512
s14;2;120;1;1;1;1;66761
s14;2;120;1;1;1;0;69577
s14;2;120;1;1;1;1;71609
s14;2;120;1;0;0;0;74825
s14;2;120;1;1;1;1;76424
s14;2;120;1;1;0;0;79906
s14;2;120;1;1;1;1;81855
s14;2;120;1;1;0;0;84604
s14;2;120;1;1;1;1;87120
s14;2;120;1;0;0;0;90552
s14;2;120;1;1;1;1;92984
s14;2;120;1;0;0;0;95967
s14;2;120;1;1;1;1;98365
s14;2;120;1;0;0;0;101415
s14;2;120;1;1;1;1;103764
s14;2;120;1;1;0;1;105963
s14;2;120;1;1;1;1;108045
s14;2;120;1;0;0;0;110661
s14;2;120;1;1;1;1;112610
s14;2;120;1;1;0;0;115242
s14;2;120;1;1;1;1;117759
s15;1;120;0;1;1;1;0
s15;1;120;0;0;0;0;3144
s15;1;120;0;1;1;1;5475
s15;1;120;0;0;0;0;8290
s15;1;120;0;1;1;1;10906
s15;1;120;0;1;0;1;12972
s15;1;120;0;1;1;1;14488
s15;1;120;0;0;0;1;16637
s15;1;120;0;1;1;1;19469
s15;1;120;0;1;0;0;22319
s15;1;120;0;1;1;1;23834
s15;1;120;0;0;0;0;26000
s15;1;120;0;1;1;1;27766
s15;1;120;0;0;0;0;30715
s15;1;120;0;1;1;1;32315
s15;1;120;0;1;0;1;34497
s15;1;120;0;1;1;1;37446
s15;1;120;0;1;1;0;41145
s15;1;120;0;1;1;1;42927
s15;1;120;0;0;0;0;45410
s15;1;120;0;1;1;1;47026
s15;1;120;0;0;0;0;49258
s15;1;120;0;1;1;1;50957
s15;1;120;0;1;0;1;53756
s15;1;120;0;1;1;1;56639
s15;1;120;0;0;0;1;60171
s15;1;120;0;1;1;1;62003
s15;1;120;0;0;0;0;64736
s15;1;120;0;1;1;1;66251
s15;1;120;0;0;0;1;69601
s15;1;120;0;1;1;1;72549
s15;1;120;0;0;0;0;74616
s15;1;120;0;1;1;1;76497
s15;1;120;0;1;0;0;79897
s15;1;120;0;1;1;1;82046
s15;1;120;0;0;1;1;84678
s15;1;120;0;1;1;1;86911
s15;1;120;0;0;0;0;89277
s15;1;120;0;1;1;1;91209
s15;1;120;0;0;0;0;93874
s15;1;120;0;1;1;1;95774
s15;1;120;0;0;0;1;99473
s15;1;120;0;1;1;1;101638
s15;1;120;0;0;0;0;104304
s15;1;120;0;1;1;1;105987
s15;1;120;0;0;1;1;108453
s15;1;120;0;1;1;1;110319
s15;1;120;0;0;0;0;114201
s15;1;120;0;1;1;1;116266
s15;1;120;0;0;1;1;119648
s15;2;120;1;1;1;1;0
s15;2;120;1;0;0;0;2412
s15;2;120;1;1;1;1;4962
s15;2;120;1;0;0;0;7327
s15;2;120;1;1;1;1;9043
s15;2;120;1;0;1;0;12625
s15;2;120;1;1;1;1;14191
s15;2;120;1;0;0;1;17007
s15;2;120;1;1;1;1;19923
s15;2;120;1;0;1;1;21988
s15;2;120;1;1;1;1;24254
s15;2;120;1;0;0;0;27203
s15;2;120;1;1;1;1;29035
s15;2;120;1;0;0;0;31135
s15;2;120;1;1;1;1;33567
s15;2;120;1;1;0;1;36866
s15;2;120;1;1;1;1;38615
s15;2;120;1;0;0;1;40931
s15;2;120;1;1;1;1;43547
s15;2;120;1;0;0;0;47345
s15;2;120;1;1;1;1;49561
s15;2;120;1;0;0;0;52660
s15;2;120;1;1;1;1;55009
s15;2;120;1;1;0;0;58857
s15;2;120;1;1;1;1;60773
s15;2;120;1;0;0;0;64006
s15;2;120;1;1;1;1;66054
s15;2;120;1;0;1;1;69636
s15;2;120;1;1;1;1;72352
s15;2;120;1;1;0;1;74851
s15;2;120;1;1;1;1;76951
s15;2;120;1;0;0;0;79849
s15;2;120;1;1;1;1;81482
s15;2;120;1;0;0;0;84731
s15;2;120;1;1;1;1;87646
s15;2;120;1;0;0;0;90145
s15;2;120;1;1;1;1;92811
s15;2;120;1;1;0;1;96127
s15;2;120;1;1;1;1;98376
s15;2;120;1;0;1;0;101758
s15;2;120;1;1;1;1;104290
s15;2;120;1;1;1;0;107772
s15;2;120;1;1;1;1;110387
s15;2;120;1;0;0;0;113220
s15;2;120;1;1;1;1;115802
s15;2;120;1;1;0;0;117968
s16;1;120;1;1;1;1;0
s16;1;120;1;1;0;0;3386
s16;1;120;1;1;1;1;5818
s16;1;120;1;1;0;0;9717
s16;1;120;1;1;1;1;11383
s16;1;120;1;0;0;0;14482
s16;1;120;1;1;1;1;17364
s16;1;120;1;0;1;1;20430
s16;1;120;1;1;1;1;22495
s16;1;120;1;0;0;0;26277
s16;1;120;1;1;1;1;27927
s16;1;120;1;0;0;0;31242
s16;1;120;1;1;1;1;33175
s16;1;120;1;0;1;1;35624
s16;1;120;1;1;1;1;38606
s16;1;120;1;0;0;0;42154
s16;1;120;1;1;1;1;44720
s16;1;120;1;0;0;0;46836
s16;1;120;1;1;1;1;48552
s16;1;120;1;0;0;0;50801
s16;1;120;1;1;1;1;52483
s16;1;120;1;0;0;0;54933
s16;1;120;1;1;1;1;56849
s16;1;120;1;0;0;0;59798
s16;1;120;1;1;1;1;61913
s16;1;120;1;0;1;0;64063
s16;1;120;1;1;1;1;66295
s16;1;120;1;0;1;1;70061
s16;1;120;1;1;1;1;72776
s16;1;120;1;1;0;1;76125
s16;1;120;1;1;1;1;78207
s16;1;120;1;1;0;0;81423
s16;1;120;1;1;1;1;83705
s16;1;120;1;0;0;0;86504
s16;1;120;1;1;1;1;88854
s16;1;120;1;1;0;1;92852
s16;1;120;1;1;1;1;95168
s16;1;120;1;0;0;0;98466
s16;1;120;1;1;1;1;100233
s16;1;120;1;0;0;0;102315
s16;1;120;1;1;1;1;104348
s16;1;120;1;1;0;0;107796
s16;1;120;1;1;1;1;109462
s16;1;120;1;1;1;0;112161
s16;1;120;1;1;1;1;114743
s16;1;120;1;0;0;0;118242
s16;2;120;0;1;1;1;0
s16;2;120;0;0;0;0;3087
s16;2;120;0;1;1;1;5269
s16;2;120;0;0;0;0;7402
s16;2;120;0;1;1;1;9834
s16;2;120;0;1;1;0;13366
s16;2;120;0;1;1;1;15015
s16;2;120;0;0;0;0;18248
s16;2;120;0;1;1;1;19764
s16;2;120;0;0;0;0;22229
s16;2;120;0;1;1;1;23779
s16;2;120;0;0;0;1;25861
s16;2;120;0;1;1;1;27444
s16;2;120;0;0;1;1;29860
s16;2;120;0;1;1;1;32010
s16;2;120;0;0;1;0;34891
s16;2;120;0;1;1;1;37341
s16;2;120;0;0;0;0;40839
s16;2;120;0;1;1;1;43005
s16;2;120;0;1;1;0;46121
s16;2;120;0;1;1;1;48869
s16;2;120;0;1;0;1;51768
s16;2;120;0;1;1;1;54400
s16;2;120;0;0;0;1;57783
s16;2;120;0;1;1;1;59965
s16;2;120;0;0;0;0;63780
s16;2;120;0;1;1;1;66163
s16;2;120;0;1;0;0;68212
s16;2;120;0;1;1;1;70311
s16;2;120;0;0;0;0;73327
s16;2;120;0;1;1;1;74892
s16;2;120;0;0;0;0;76959
s16;2;120;0;1;1;1;79841
s16;2;120;0;1;1;0;82323
s16;2;120;0;1;1;1;83923
s16;2;120;0;1;1;0;86205
s16;2;120;0;1;1;1;88604
s16;2;120;0;0;0;0;92553
s16;2;120;0;1;1;1;94086
s16;2;120;0;1;0;0;96918
s16;2;120;0;1;1;1;99884
s16;2;120;0;0;0;1;102216
s16;2;120;0;1;1;1;104781
s16;2;120;0;0;0;0;107681
s16;2;120;0;1;1;1;110346
s16;2;120;0;0;0;0;112445
s16;2;120;0;1;1;1;113977
s16;2;120;0;0;0;0;116527
s16;2;120;0;1;1;1;118276
s17;1;120;1;1;1;1;0
s17;1;120;1;0;1;0;2785
s17;1;120;1;1;1;1;4318
s17;1;120;1;0;0;0;7600
s17;1;120;1;1;1;1;9749
s17;1;120;1;0;0;0;12348
s17;1;120;1;1;1;1;14914
s17;1;120;1;1;0;1;18080
s17;1;120;1;1;1;1;20112
s17;1;120;1;0;0;0;23227
s17;1;120;1;1;1;1;24810
s17;1;120;1;0;0;0;26943
s17;1;120;1;1;1;1;29875
s17;1;120;1;1;0;0;33773
s17;1;120;1;1;1;1;35373
s17;1;120;1;1;1;0;37989
s17;1;120;1;1;1;1;39755
s17;1;120;1;0;0;0;42403
s17;1;120;1;1;1;1;45053
s17;1;120;1;0;0;1;48718
s17;1;120;1;1;1;1;50617
s17;1;120;1;0;0;0;54416
s17;1;120;1;1;1;1;56382
s17;1;120;1;1;0;1;59098
s17;1;120;1;1;1;1;61463
s17;1;120;1;0;0;0;64712
s17;1;120;1;1;1;1;67244
s17;1;120;1;0;0;1;70493
s17;1;120;1;1;1;1;72759
s17;1;120;1;0;0;0;74908
s17;1;120;1;1;1;1;77490
s17;1;120;1;1;1;0;80605
s17;1;120;1;1;1;1;82738
s17;1;120;1;0;0;0;85604
s17;1;120;1;1;1;1;87970
s17;1;120;1;1;0;1;90285
s17;1;120;1;1;1;1;92468
s17;1;120;1;0;1;0;94850
s17;1;120;1;1;1;1;97816
s17;1;120;1;0;0;0;101715
s17;1;120;1;1;1;1;103381
s17;1;120;1;0;1;1;105496
s17;1;120;1;1;1;1;108379
s17;1;120;1;0;1;0;110828
s17;1;120;1;1;1;1;113610
s17;1;120;1;0;0;0;115626
s17;1;120;1;1;1;1;118375
s17;2;120;0;1;1;1;0
s17;2;120;0;0;0;0;3939
s17;2;120;0;1;1;1;6854
s17;2;120;0;0;0;1;9387
s17;2;120;0;1;1;1;12369
s17;2;120;0;0;0;0;15835
s17;2;120;0;1;1;1;18800
s17;2;120;0;0;0;0;20833
s17;2;120;0;1;1;1;23798
s17;2;120;0;0;0;0;26397
s17;2;120;0;1;1;1;28613
s17;2;120;0;0;1;1;32328
s17;2;120;0;1;1;1;34944
s17;2;120;0;1;1;0;38359
s17;2;120;0;1;1;1;41258
s17;2;120;0;0;1;0;44624
s17;2;120;0;1;1;1;46456
s17;2;120;0;0;1;1;49005
s17;2;120;0;1;1;1;51288
s17;2;120;0;0;0;1;54087
s17;2;120;0;1;1;1;55687
s17;2;120;0;1;0;1;57802
s17;2;120;0;1;1;1;60135
s17;2;120;0;0;0;1;64083
s17;2;120;0;1;1;1;66615
s17;2;120;0;0;0;0;70098
s17;2;120;0;1;1;1;71963
s17;2;120;0;0;0;0;73979
s17;2;120;0;1;1;1;75611
s17;2;120;0;0;0;0;79193
s17;2;120;0;1;1;1;81576
s17;2;120;0;0;0;0;84409
s17;2;120;0;1;1;1;86641
s17;2;120;0;0;1;1;88657
s17;2;120;0;1;1;1;90689
s17;2;120;0;0;0;0;94121
s17;2;120;0;1;1;1;96954
s17;2;120;0;0;1;0;100202
s17;2;120;0;1;1;1;101785
s17;2;120;0;0;1;0;105534
s17;2;120;0;1;1;1;107982
s17;2;120;0;0;1;1;111965
s17;2;120;0;1;1;1;113964
s17;2;120;0;0;0;0;117612
s17;2;120;0;1;1;1;119262
s18;1;120;0;1;1;1;0
s18;1;120;0;1;0;0;2155
s18;1;120;0;1;1;1;4337
s18;1;120;0;0;0;0;7837
s18;1;120;0;1;1;1;10135
s18;1;120;0;1;1;0;12568
s18;1;120;0;1;1;1;14783
s18;1;120;0;0;0;0;18216
s18;1;120;0;1;1;1;19965
s18;1;120;0;1;0;1;23147
s18;1;120;0;1;1;1;25313
s18;1;120;0;1;0;0;27562
s18;1;120;0;1;1;1;29195
s18;1;120;0;0;0;0;31727
s18;1;120;0;1;1;1;34509
s18;1;120;0;0;0;0;37508
s18;1;120;0;1;1;1;39308
s18;1;120;0;1;0;0;42273
s18;1;120;0;1;1;1;44422
s18;1;120;0;0;0;0;46588
s18;1;120;0;1;1;1;48837
s18;1;120;0;0;1;1;51820
s18;1;120;0;1;1;1;53736
s18;1;120;0;0;0;1;56834
s18;1;120;0;1;1;1;58533
s18;1;120;0;0;0;0;60900
s18;1;120;0;1;1;1;63732
s18;1;120;0;0;0;0;67347
s18;1;120;0;1;1;1;69180
s18;1;120;0;0;1;1;73029
s18;1;120;0;1;1;1;75528
s18;1;120;0;0;0;0;78643
s18;1;120;0;1;1;1;80975
s18;1;120;0;0;0;0;83574
s18;1;120;0;1;1;1;85123
s18;1;120;0;0;0;0;87856
s18;1;120;0;1;1;1;90505
s18;1;120;0;0;0;0;94020
s18;1;120;0;1;1;1;96286
s18;1;120;0;0;1;1;99102
s18;1;120;0;1;1;1;100968
s18;1;120;0;0;0;0;104850
s18;1;120;0;1;1;1;107715
s18;1;120;0;1;1;0;110447
s18;1;120;0;1;1;1;112280
s18;1;120;0;1;0;0;115679
s18;1;120;0;1;1;1;117511
s18;1;120;0;0;1;0;119644
s18;2;120;1;1;1;1;0
s18;2;120;1;0;0;1;2614
s18;2;120;1;1;1;1;5528
s18;2;120;1;1;0;1;8294
s18;2;120;1;1;1;1;9826
s18;2;120;1;0;0;0;13691
s18;2;120;1;1;1;1;15524
s18;2;120;1;0;0;0;18972
s18;2;120;1;1;1;1;21355
s18;2;120;1;0;0;1;25171
s18;2;120;1;1;1;1;26820
s18;2;120;1;0;0;0;30185
s18;2;120;1;1;1;1;31951
s18;2;120;1;1;0;1;34650
s18;2;120;1;1;1;1;36633
s18;2;120;1;0;0;0;39632
s18;2;120;1;1;1;1;41548
s18;2;120;1;0;0;0;45096
s18;2;120;1;1;1;1;46629
s18;2;120;1;0;0;0;49994
s18;2;120;1;1;1;1;52294
s18;2;120;1;1;1;0;56142
s18;2;120;1;1;1;1;58274
s18;2;120;1;0;1;1;61990
s18;2;120;1;1;1;1;63789
s18;2;120;1;0;0;0;66705
s18;2;120;1;1;1;1;69653
s18;2;120;1;0;0;0;73419
s18;2;120;1;1;1;1;75934
s18;2;120;1;1;0;0;78867
s18;2;120;1;1;1;1;81699
s18;2;120;1;0;1;0;84048
s18;2;120;1;1;1;1;86813
s18;2;120;1;1;0;1;90329
s18;2;120;1;1;1;1;92061
s18;2;120;1;0;0;0;95344
s18;2;120;1;1;1;1;97293
s18;2;120;1;0;0;0;100842
s18;2;120;1;1;1;1;102791
s18;2;120;1;0;1;0;106090
s18;2;120;1;1;1;1;108539
s18;2;120;1;0;1;1;110554
s18;2;120;1;1;1;1;112704
s18;2;120;1;0;1;0;116269
s18;2;120;1;1;1;1;118635
s19;1;120;1;1;1;1;0
s19;1;120;1;0;0;0;2070
s19;1;120;1;1;1;1;4401
s19;1;120;1;0;1;0;6817
s19;1;120;1;1;1;1;8883
s19;1;120;1;0;0;0;11015
s19;1;120;1;1;1;1;12915
s19;1;120;1;0;1;1;15381
s19;1;120;1;1;1;1;17130
s19;1;120;1;0;0;0;19678
s19;1;120;1;1;1;1;22661
s19;1;120;1;0;1;1;26526
s19;1;120;1;1;1;1;28509
s19;1;120;1;0;0;0;31958
s19;1;120;1;1;1;1;34856
s19;1;120;1;0;1;0;37638
s19;1;120;1;1;1;1;40321
s19;1;120;1;0;0;0;42570
s19;1;120;1;1;1;1;44703
s19;1;120;1;0;0;0;47601
s19;1;120;1;1;1;1;49718
s19;1;120;1;1;0;1;52134
s19;1;120;1;1;1;1;55032
s19;1;120;1;0;0;0;57614
s19;1;120;1;1;1;1;59597
s19;1;120;1;1;0;0;62012
s19;1;120;1;1;1;1;64261
s19;1;120;1;0;0;0;66578
s19;1;120;1;1;1;1;69243
s19;1;120;1;0;1;1;72926
s19;1;120;1;1;1;1;74641
s19;1;120;1;0;1;0;77190
s19;1;120;1;1;1;1;79156
s19;1;120;1;1;0;1;81638
s19;1;120;1;1;1;1;83804
s19;1;120;1;0;0;0;86403
s19;1;120;1;1;1;1;87970
s19;1;120;1;1;0;0;90702
s19;1;120;1;1;1;1;93386
s19;1;120;1;0;0;0;96016
s19;1;120;1;1;1;1;97616
s19;1;120;1;0;0;1;99898
s19;1;120;1;1;1;1;101614
s19;1;120;1;0;0;0;104830
s19;1;120;1;1;1;1;106862
s19;1;120;1;0;1;1;109811
s19;1;120;1;1;1;1;112693
s19;1;120;1;0;0;0;116059
s19;1;120;1;1;1;1;118958
s19;2;120;0;1;1;1;0
s19;2;120;0;0;1;1;3935
s19;2;120;0;1;1;1;6817
s19;2;120;0;0;0;0;9332
s19;2;120;0;1;1;1;11298
s19;2;120;0;0;0;1;13814
s19;2;120;0;1;1;1;15397
s19;2;120;0;1;0;0;17429
s19;2;120;0;1;1;1;19062
s19;2;120;0;0;1;1;21695
s19;2;120;0;1;1;1;23694
s19;2;120;0;0;0;0;25860
s19;2;120;0;1;1;1;27709
s19;2;120;0;0;0;0;30691
s19;2;120;0;1;1;1;32741
s19;2;120;0;0;0;0;35073
s19;2;120;0;1;1;1;36872
s19;2;120;0;0;1;0;40688
s19;2;120;0;1;1;1;42920
s19;2;120;0;0;0;1;45069
s19;2;120;0;1;1;1;46569
s19;2;120;0;1;1;0;49202
s19;2;120;0;1;1;1;51633
s19;2;120;0;0;0;0;53965
s19;2;120;0;1;1;1;56464
s19;2;120;0;0;0;0;58781
s19;2;120;0;1;1;1;60346
s19;2;120;0;0;0;0;64062
s19;2;120;0;1;1;1;65611
s19;2;120;0;0;1;1;69227
s19;2;120;0;1;1;1;72175
s19;2;120;0;0;0;0;75507
s19;2;120;0;1;1;1;78440
s19;2;120;0;0;0;1;81522
s19;2;120;0;1;1;1;83621
s19;2;120;0;0;0;0;87220
s19;2;120;0;1;1;1;90202
s19;2;120;0;0;0;0;93451
s19;2;120;0;1;1;1;95966
s19;2;120;0;1;0;0;98982
s19;2;120;0;1;1;1;101731
s19;2;120;0;0;0;0;104163
s19;2;120;0;1;1;1;106779
s19;2;120;0;1;0;1;109778
s19;2;120;0;1;1;1;111694
s19;2;120;0;0;0;0;114292
s19;2;120;0;1;1;1;115942
s19;2;120;0;1;1;0;119824
s20;1;120;0;1;1;1;0
s20;1;120;0;0;1;0;3681
s20;1;120;0;1;1;1;6597
s20;1;120;0;1;1;0;9995
s20;1;120;0;1;1;1;12477
s20;1;120;0;0;0;0;15576
s20;1;120;0;1;1;1;17426
s20;1;120;0;0;1;0;19508
s20;1;120;0;1;1;1;21107
s20;1;120;0;1;0;1;23606
s20;1;120;0;1;1;1;25572
s20;1;120;0;0;0;0;28888
s20;1;120;0;1;1;1;31804
s20;1;120;0;0;0;0;34768
s20;1;120;0;1;1;1;37218
s20;1;120;0;0;0;0;41000
s20;1;120;0;1;1;1;43882
s20;1;120;0;0;0;0;46781
s20;1;120;0;1;1;1;49113
s20;1;120;0;0;0;0;51112
s20;1;120;0;1;1;1;54012
s20;1;120;0;0;1;1;57427
s20;1;120;0;1;1;1;60392
s20;1;120;0;0;1;0;63925
s20;1;120;0;1;1;1;65607
s20;1;120;0;1;0;1;69473
s20;1;120;0;1;1;1;71438
s20;1;120;0;0;0;0;73888
s20;1;120;0;1;1;1;75870
s20;1;120;0;0;0;1;78069
s20;1;120;0;1;1;1;80118
s20;1;120;0;0;0;0;84101
s20;1;120;0;1;1;1;86066
s20;1;120;0;0;0;0;88815
s20;1;120;0;1;1;1;91114
s20;1;120;0;0;1;1;93214
s20;1;120;0;1;1;1;95579
s20;1;120;0;0;0;0;98878
s20;1;120;0;1;1;1;100660
s20;1;120;0;0;0;0;102976
s20;1;120;0;1;1;1;105176
s20;1;120;0;1;0;0;108574
s20;1;120;0;1;1;1;110356
s20;1;120;0;0;0;0;113572
s20;1;120;0;1;1;1;115938
s20;1;120;0;0;0;1;118554
s20;2;120;1;1;1;1;0
s20;2;120;1;0;0;0;3141
s20;2;120;1;1;1;1;4773
s20;2;120;1;0;1;0;6889
s20;2;120;1;1;1;1;8989
s20;2;120;1;0;0;0;12038
s20;2;120;1;1;1;1;13920
s20;2;120;1;0;1;1;16385
s20;2;120;1;1;1;1;18669
s20;2;120;1;1;0;1;21418
s20;2;120;1;1;1;1;23583
s20;2;120;1;0;1;0;25815
s20;2;120;1;1;1;1;27832
s20;2;120;1;0;0;0;30381
s20;2;120;1;1;1;1;32946
s20;2;120;1;0;0;0;35529
s20;2;120;1;1;1;1;38294
s20;2;120;1;0;1;0;41176
s20;2;120;1;1;1;1;43293
s20;2;120;1;0;1;1;46174
s20;2;120;1;1;1;1;48107
s20;2;120;1;1;0;1;50406
s20;2;120;1;1;1;1;52655
s20;2;120;1;0;0;0;54739
s20;2;120;1;1;1;1;57403
s20;2;120;1;0;0;0;60902
s20;2;120;1;1;1;1;63335
s20;2;120;1;0;0;0;66516
s20;2;120;1;1;1;1;69182
s20;2;120;1;0;0;1;72048
s20;2;120;1;1;1;1;74763
s20;2;120;1;0;0;0;76979
s20;2;120;1;1;1;1;78479
s20;2;120;1;0;0;0;82294
s20;2;120;1;1;1;1;84976
s20;2;120;1;0;0;0;87242
s20;2;120;1;1;1;1;90057
s20;2;120;1;0;0;1;92990
s20;2;120;1;1;1;1;94722
s20;2;120;1;1;0;0;97105
s20;2;120;1;1;1;1;99737
s20;2;120;1;0;0;0;101754
s20;2;120;1;1;1;1;104452
s20;2;120;1;0;0;0;106868
s20;2;120;1;1;1;1;108767
s20;2;120;1;1;1;0;111450
s20;2;120;1;1;1;1;113015
s20;2;120;1;1;1;0;116748
s20;2;120;1;1;1;1;118631
s21;1;120;1;1;1;1;0
s21;1;120;1;0;0;0;2250
s21;1;120;1;1;1;1;4566
s21;1;120;1;0;1;0;7898
s21;1;120;1;1;1;1;9564
s21;1;120;1;0;0;0;12046
s21;1;120;1;1;1;1;14945
s21;1;120;1;0;0;0;17161
s21;1;120;1;1;1;1;19843
s21;1;120;1;0;0;0;22726
s21;1;120;1;1;1;1;24642
s21;1;120;1;1;1;0;28057
s21;1;120;1;1;1;1;30140
s21;1;120;1;1;0;0;32356
s21;1;120;1;1;1;1;34371
s21;1;120;1;0;1;1;36387
s21;1;120;1;1;1;1;38936
s21;1;120;1;0;0;1;41785
s21;1;120;1;1;1;1;43402
s21;1;120;1;0;0;0;46050
s21;1;120;1;1;1;1;47749
s21;1;120;1;0;1;1;51114
s21;1;120;1;1;1;1;52981
s21;1;120;1;1;1;0;55230
s21;1;120;1;1;1;1;57229
s21;1;120;1;0;0;0;59928
s21;1;120;1;1;1;1;62094
s21;1;120;1;0;1;0;65744
s21;1;120;1;1;1;1;68109
s21;1;120;1;0;0;0;71790
s21;1;120;1;1;1;1;74473
s21;1;120;1;0;0;0;77938
s21;1;120;1;1;1;1;80337
s21;1;120;1;0;1;1;83119
s21;1;120;1;1;1;1;85052
s21;1;120;1;0;0;0;87435
s21;1;120;1;1;1;1;90133
s21;1;120;1;1;0;1;93432
s21;1;120;1;1;1;1;95232
s21;1;120;1;0;0;0;98996
s21;1;120;1;1;1;1;101412
s21;1;120;1;1;0;0;103529
s21;1;120;1;1;1;1;105044
s21;1;120;1;0;0;0;107560
s21;1;120;1;1;1;1;109943
s21;1;120;1;0;0;0;112241
s21;1;120;1;1;1;1;115007
s21;1;120;1;0;1;0;117390
s21;1;120;1;1;1;1;119472
s21;2;120;0;1;1;1;0
s21;2;120;0;0;0;0;3518
s21;2;120;0;1;1;1;5200
s21;2;120;0;1;1;0;8632
s21;2;120;0;1;1;1;11497
s21;2;120;0;0;1;0;14479
s21;2;120;0;1;1;1;16862
s21;2;120;0;0;0;0;19128
s21;2;120;0;1;1;1;20994
s21;2;120;0;0;1;1;23776
s21;2;120;0;1;1;1;25409
s21;2;120;0;1;0;0;28125
s21;2;120;0;1;1;1;29907
s21;2;120;0;0;0;0;32090
s21;2;120;0;1;1;1;34355
s21;2;120;0;0;0;0;37787
s21;2;120;0;1;1;1;39770
s21;2;120;0;1;0;0;42836
s21;2;120;0;1;1;1;45635
s21;2;120;0;1;0;1;48401
s21;2;120;0;1;1;1;50883
s21;2;120;0;1;1;0;54498
s21;2;120;0;1;1;1;56896
s21;2;120;0;0;0;0;59829
s21;2;120;0;1;1;1;61445
s21;2;120;0;0;0;0;63511
s21;2;120;0;1;1;1;65477
s21;2;120;0;1;0;0;68792
s21;2;120;0;1;1;1;71158
s21;2;120;0;0;0;0;73457
s21;2;120;0;1;1;1;76323
s21;2;120;0;0;0;0;78988
s21;2;120;0;1;1;1;80671
s21;2;120;0;1;1;0;83903
s21;2;120;0;1;1;1;86536
s21;2;120;0;0;1;1;88868
s21;2;120;0;1;1;1;90551
s21;2;120;0;0;0;1;92833
s21;2;120;0;1;1;1;95365
s21;2;120;0;0;0;0;99364
s21;2;120;0;1;1;1;101163
s21;2;120;0;0;0;0;103296
s21;2;120;0;1;1;1;105611
s21;2;120;0;0;0;0;109177
s21;2;120;0;1;1;1;110693
s21;2;120;0;0;0;0;114059
s21;2;120;0;1;1;1;116225
s21;2;120;0;1;0;0;119939
s22;1;120;0;1;1;1;0
s22;1;120;0;0;0;1;2645
s22;1;120;0;1;1;1;4798
s22;1;120;0;0;0;0;6822
s22;1;120;0;1;1;1;8468
s22;1;120;0;0;1;0;10833
s22;1;120;0;1;1;1;12386
s22;1;120;0;0;0;0;15703
s22;1;120;0;1;1;1;17856
s22;1;120;0;0;0;0;20574
s22;1;120;0;1;1;1;22492
s22;1;120;0;1;1;0;25597
s22;1;120;0;1;1;1;28091
s22;1;120;0;1;0;1;31150
s22;1;120;0;1;1;1;33996
s22;1;120;0;0;0;0;36832
s22;1;120;0;1;1;1;39290
s22;1;120;0;0;0;0;43208
s22;1;120;0;1;1;1;45055
s22;1;120;0;0;0;0;48667
s22;1;120;0;1;1;1;51584
s22;1;120;0;1;1;0;55290
s22;1;120;0;1;1;1;57137
s22;1;120;0;0;1;0;60184
s22;1;120;0;1;1;1;62196
s22;1;120;0;0;0;0;64643
s22;1;120;0;1;1;1;66490
s22;1;120;0;0;0;0;69631
s22;1;120;0;1;1;1;72607
s22;1;120;0;0;0;1;76266
s22;1;120;0;1;1;1;79101
s22;1;120;0;0;1;1;82642
s22;1;120;0;1;1;1;85642
s22;1;120;0;0;1;0;87795
s22;1;120;0;1;1;1;90477
s22;1;120;0;1;0;1;93313
s22;1;120;0;1;1;1;96078
s22;1;120;0;0;0;0;98806
s22;1;120;0;1;1;1;101253
s22;1;120;0;0;0;0;104994
s22;1;120;0;1;1;1;107606
s22;1;120;0;1;1;0;110571
s22;1;120;0;1;1;1;113524
s22;1;120;0;0;0;0;117182
s22;1;120;0;1;1;1;119499
s22;2;120;1;1;1;1;0
s22;2;120;1;0;1;0;2605
s22;2;120;1;1;1;1;5265
s22;2;120;1;1;0;1;9229
s22;2;120;1;1;1;1;11570
s22;2;120;1;0;0;0;14100
s22;2;120;1;1;1;1;16017
s22;2;120;1;1;0;0;18652
s22;2;120;1;1;1;1;20617
s22;2;120;1;0;0;0;24075
s22;2;120;1;1;1;1;26346
s22;2;120;1;0;0;0;28781
s22;2;120;1;1;1;1;30416
s22;2;120;1;0;0;0;34381
s22;2;120;1;1;1;1;36569
s22;2;120;1;0;1;1;39487
s22;2;120;1;1;1;1;41757
s22;2;120;1;1;1;0;44004
s22;2;120;1;1;1;1;46122
s22;2;120;1;1;1;0;48628
s22;2;120;1;1;1;1;51392
s22;2;120;1;0;0;1;53862
s22;2;120;1;1;1;1;56850
s22;2;120;1;0;1;0;59733
s22;2;120;1;1;1;1;61827
s22;2;120;1;0;0;0;64298
s22;2;120;1;1;1;1;65827
s22;2;120;1;0;0;0;69182
s22;2;120;1;1;1;1;70874
s22;2;120;1;0;0;0;74168
s22;2;120;1;1;1;1;77156
s22;2;120;1;0;0;0;81097
s22;2;120;1;1;1;1;83308
s22;2;120;1;1;1;0;86838
s22;2;120;1;1;1;1;89756
s22;2;120;1;1;0;0;92720
s22;2;120;1;1;1;1;95496
s22;2;120;1;0;0;0;98955
s22;2;120;1;1;1;1;101155
s22;2;120;1;1;1;0;103379
s22;2;120;1;1;1;1;105661
s22;2;120;1;0;0;0;107767
s22;2;120;1;1;1;1;110237
s22;2;120;1;0;0;0;113637
s22;2;120;1;1;1;1;116390
